language,gold_label,sentence1,sentence2,pairID
en,neutral,"And he said, Mama, I'm home.",He called his mom as soon as the school bus dropped him off.,1
en,contradiction,"And he said, Mama, I'm home.",He didn't say a word.,2
en,entailment,"And he said, Mama, I'm home.",He told his mom he had gotten home.,3
en,neutral,"I didn't know what I was going for or anything, so was to report to a designated place in Washington.",I have never been to Washington so when I was assigned there I got lost trying to find the place.,16
en,contradiction,"I didn't know what I was going for or anything, so was to report to a designated place in Washington.",I knew exactly what I needed to do as I marched to Washington.,17
en,entailment,"I didn't know what I was going for or anything, so was to report to a designated place in Washington.",I was not quite certain what I was going to do so I went to Washington where I was assigned to report.,18
en,contradiction,He didn't get to go.,He was the first to be invited and enjoyed the experience.,22
en,entailment,He didn't get to go.,He wasn't allowed to attend.,23
en,neutral,He didn't get to go.,He wasn't allowed to go to the museum's opening.,24
en,entailment,"And I was like OK, and that was it!","After I said yes, it ended.",25
en,contradiction,"And I was like OK, and that was it!",I said no and it dragged on and on.,26
en,neutral,"And I was like OK, and that was it!","When I said yes, we decided that we would get married that day.",27
en,contradiction,I was just there just trying to figure it out.,I understood it well from the beginning.,31
en,neutral,I was just there just trying to figure it out.,I was trying to understand where the money went.,32
en,entailment,I was just there just trying to figure it out.,I was trying to understand.,33
en,contradiction,"And, uh, they kind of actually stopped visiting the family because they were just, just determined that they were going to be white.",They continued to visit every day.,37
en,entailment,"And, uh, they kind of actually stopped visiting the family because they were just, just determined that they were going to be white.",They didn't visit the family anymore.,38
en,neutral,"And, uh, they kind of actually stopped visiting the family because they were just, just determined that they were going to be white.",They stopped visiting the family when the racial tensions started.,39
en,contradiction,"And Granny used to tell the story about how her sister and her sister's husband decided that they were going to move to the city, to Augusta, and pass for white.",Granny's Sister was white and moved to Texas.,49
en,entailment,"And Granny used to tell the story about how her sister and her sister's husband decided that they were going to move to the city, to Augusta, and pass for white.",Granny's sister was not white.,50
en,neutral,"And Granny used to tell the story about how her sister and her sister's husband decided that they were going to move to the city, to Augusta, and pass for white.",Granny's sister wasn't white but she wanted to be so she could go to school.,51
en,entailment,"Michael Santo of, of Firewell and Company, of Buffalo, NY, they was the one that uh, manufactured, uh, invented the high O2 regulator before that they built fire control on the stove well.",Santo lived in New York and worked on the high O2 regulator.,58
en,neutral,"Michael Santo of, of Firewell and Company, of Buffalo, NY, they was the one that uh, manufactured, uh, invented the high O2 regulator before that they built fire control on the stove well.",Santo specialized in fire safety because it was an issue that was dear to him.,59
en,contradiction,"Michael Santo of, of Firewell and Company, of Buffalo, NY, they was the one that uh, manufactured, uh, invented the high O2 regulator before that they built fire control on the stove well.",Santo worked for Disney and operated the tea cups.,60
en,contradiction,"But he was, you know, in a lot of ways, just like a plantation owner's son because he was the son of this guy who owned a lot of property.",His dad had never owned anything in his life.,64
en,neutral,"But he was, you know, in a lot of ways, just like a plantation owner's son because he was the son of this guy who owned a lot of property.",His dad owned 2000 acres of farmland.,65
en,entailment,"But he was, you know, in a lot of ways, just like a plantation owner's son because he was the son of this guy who owned a lot of property.",His dad owned a lot of property.,66
en,contradiction,But my job was to put parachutes on it and life preservers when we would load it and start to an overseas location.,I didn't have a job so I just kept all the boxes at home.,82
en,neutral,But my job was to put parachutes on it and life preservers when we would load it and start to an overseas location.,I shipped the boxes to Japan.,83
en,entailment,But my job was to put parachutes on it and life preservers when we would load it and start to an overseas location.,I shipped them out.,84
en,neutral,"Now that's how, uh, I stay buckled in.",I made sure the buckle was on tight so I would be safe.,85
en,contradiction,"Now that's how, uh, I stay buckled in.",That is exactly how I was unhooked.,86
en,entailment,"Now that's how, uh, I stay buckled in.",That is precisely how I was fastened in.,87
en,contradiction,"And he was a philanderer, an d oh yeah, he was like out there . And, ah, so, you know, I didn't like him, but anyway those are my stories.",He was so faithful and nice.,97
en,neutral,"And he was a philanderer, an d oh yeah, he was like out there . And, ah, so, you know, I didn't like him, but anyway those are my stories.",I hated him because he was so arrogant.,98
en,entailment,"And he was a philanderer, an d oh yeah, he was like out there . And, ah, so, you know, I didn't like him, but anyway those are my stories.",I wasn't a fan of his.,99
en,contradiction,"When I pull, when he pulls the canopy for me to start getting him out, he points to two instruments on the left side of the aircraft that had actually melted during the flight.",All of the instruments in the aircraft were intact.,100
en,neutral,"When I pull, when he pulls the canopy for me to start getting him out, he points to two instruments on the left side of the aircraft that had actually melted during the flight.",It was difficult to get him out.,101
en,entailment,"When I pull, when he pulls the canopy for me to start getting him out, he points to two instruments on the left side of the aircraft that had actually melted during the flight.",There were instruments in the aircraft that melted.,102
en,neutral,"And, she didn't really understand.","Alas, she was not able to understand clearly due to a language barrier.",103
en,entailment,"And, she didn't really understand.","Indeed, she did not comprehend.",104
en,contradiction,"And, she didn't really understand.",She knew exactly what we were talking about.,105
en,entailment,Maybe she told everyone else and I wasn't paying attention at that particular time.,I didn't hear her when she told everyone else.,115
en,contradiction,Maybe she told everyone else and I wasn't paying attention at that particular time.,I heard everything she said.,116
en,neutral,Maybe she told everyone else and I wasn't paying attention at that particular time.,I was talking to someone else at the time.,117
en,neutral,"Only lost two, three aircraft while we was there, and, uh, test phase.",A couple of aircraft got lost because of the weather.,121
en,entailment,"Only lost two, three aircraft while we was there, and, uh, test phase.",A couple of aircraft were lost.,122
en,contradiction,"Only lost two, three aircraft while we was there, and, uh, test phase.",We've never lost an aircraft.,123
en,contradiction,I need you to do something for me.,I don't need any help.,124
en,neutral,I need you to do something for me.,It is a big job that I need done.,125
en,entailment,I need you to do something for me.,There is something I need done.,126
en,entailment,"Different, totally different types parachutes and in an bird that flies, uh, three times the speed of sound, over 22,000 miles an hour.","It flies over 20,000 miles an hour.",136
en,contradiction,"Different, totally different types parachutes and in an bird that flies, uh, three times the speed of sound, over 22,000 miles an hour.","It only travels 10,000 miles an hour.",137
en,neutral,"Different, totally different types parachutes and in an bird that flies, uh, three times the speed of sound, over 22,000 miles an hour.","The jet flies 20,000 miles an hour.",138
en,contradiction,"It was, uh, which we, uh, had Rudolph Anderson in a, a formulation of three U2's.","Rudolph Anderson was nowhere to be found, so we only had one U2's.",139
en,entailment,"It was, uh, which we, uh, had Rudolph Anderson in a, a formulation of three U2's.",Rudolph Anderson was part of three U2's.,140
en,neutral,"It was, uh, which we, uh, had Rudolph Anderson in a, a formulation of three U2's.",We were blessed to have Rudolph Anderson help with the U2's.,141
en,contradiction,She was still in there.,She was gone without a trace.,145
en,entailment,She was still in there.,She was still in the vicinity.,146
en,neutral,She was still in there.,We thought she left but she remained.,147
en,contradiction,"Also, oh, let me go through this.",I don't need to deal with that.,151
en,entailment,"Also, oh, let me go through this.",I will look through this.,152
en,neutral,"Also, oh, let me go through this.",I'll look through these reports.,153
en,neutral,"But all of a sudden, we was called out to look at what was flying.",We were supposed to look at the flying plane.,157
en,entailment,"But all of a sudden, we was called out to look at what was flying.",We were supposed to look at what was flying.,158
en,contradiction,"But all of a sudden, we was called out to look at what was flying.",We were told not to look outside.,159
en,contradiction,"He would tear the, the paper up and put it in the sand, ashtray sand, set it on a fire and burn it, and then stir the ashes up like that.",He was too afraid to burn anything so he just flushed it.,160
en,entailment,"He would tear the, the paper up and put it in the sand, ashtray sand, set it on a fire and burn it, and then stir the ashes up like that.",He would burn the paper.,161
en,neutral,"He would tear the, the paper up and put it in the sand, ashtray sand, set it on a fire and burn it, and then stir the ashes up like that.",He would write a dream on the paper and then burn it.,162
en,neutral,"Um, You need to call Ramona at Concord, mind you she's at an office, actually she's in a client, all the way across town, we're in Monroe, she's in Concord.",Ramona has lived in Concord all her life.,169
en,contradiction,"Um, You need to call Ramona at Concord, mind you she's at an office, actually she's in a client, all the way across town, we're in Monroe, she's in Concord.",Ramona has never been to Concord.,170
en,entailment,"Um, You need to call Ramona at Concord, mind you she's at an office, actually she's in a client, all the way across town, we're in Monroe, she's in Concord.",Ramona is located in Concord.,171
en,entailment,"That's kind of unique in that I, uh, spent, uh, about 16 years of my career in Special Activities.",I was in Special Activities for years.,172
en,contradiction,"That's kind of unique in that I, uh, spent, uh, about 16 years of my career in Special Activities.",I've never had a job.,173
en,neutral,"That's kind of unique in that I, uh, spent, uh, about 16 years of my career in Special Activities.",My favorite job was in Special Activities.,174
en,contradiction,I think that's why I remember that.,I didn't remember it at all.,187
en,neutral,I think that's why I remember that.,That's probably the reason I remembered his name.,188
en,entailment,I think that's why I remember that.,That's probably why I recalled that.,189
en,contradiction,And it makes you feel just awful.,It makes you feel great.,190
en,entailment,And it makes you feel just awful.,It makes you feel horrible.,191
en,neutral,And it makes you feel just awful.,You feel better after an hour.,192
en,neutral,You don't have to stay there.,You can go home if you want to.,193
en,entailment,You don't have to stay there.,You can leave.,194
en,contradiction,You don't have to stay there.,You need to stay in that exact spot!,195
en,contradiction,"That was, that was a pretty scary day.",It was a relaxing day.,220
en,neutral,"That was, that was a pretty scary day.",It was really scary when the tornado came into town.,221
en,entailment,"That was, that was a pretty scary day.",That day really scared me.,222
en,entailment,"Uh, well it's, uh, the speeds got faster, faster, and faster until we deployed overseas.",It kept getting faster.,223
en,contradiction,"Uh, well it's, uh, the speeds got faster, faster, and faster until we deployed overseas.",It seemed to take forever.,224
en,neutral,"Uh, well it's, uh, the speeds got faster, faster, and faster until we deployed overseas.",The speed was making me nervous.,225
en,neutral,"So, well I, uh, anyway, uh, uh, this is the three, uh, U2 pilots that, uh, President Kennedy's office in Washington with General May.",General May and the pilots had a great time visiting the office.,226
en,contradiction,"So, well I, uh, anyway, uh, uh, this is the three, uh, U2 pilots that, uh, President Kennedy's office in Washington with General May.",General May never went to President Kennedy's office.,227
en,entailment,"So, well I, uh, anyway, uh, uh, this is the three, uh, U2 pilots that, uh, President Kennedy's office in Washington with General May.",This is General May and three U2 pilots at President Kennedy's office.,228
en,contradiction,"Before you give me a spanking, why don't you just let me have one big glass of chocolate milk first?",I can't drink milk.,229
en,entailment,"Before you give me a spanking, why don't you just let me have one big glass of chocolate milk first?",I would like a glass of chocolate milk.,230
en,neutral,"Before you give me a spanking, why don't you just let me have one big glass of chocolate milk first?",I'd love to drink some chocolate milk and relax a bit since I know i messed up.,231
en,entailment,And then once you get everything entered you can go on from there.,You can continue after you enter everything.,232
en,neutral,And then once you get everything entered you can go on from there.,You can continue once you enter the information into the database.,233
en,contradiction,And then once you get everything entered you can go on from there.,You should stop right now.,234
en,neutral,"But uh, think about it.",I think about it often.,250
en,contradiction,"But uh, think about it.",It's nothing you would want to think about.,251
en,entailment,"But uh, think about it.",It's something to think about.,252
en,entailment,"They took Joe with them, and my Granny said, she said it was such a sad time in the house because, you know, everybody was missing Joe and they didn't know what to do.",Everyone in the house was moping because they missed Joe so much.,265
en,contradiction,"They took Joe with them, and my Granny said, she said it was such a sad time in the house because, you know, everybody was missing Joe and they didn't know what to do.",Everyone was so happy!,266
en,neutral,"They took Joe with them, and my Granny said, she said it was such a sad time in the house because, you know, everybody was missing Joe and they didn't know what to do.",Joe died and it was really depressing.,267
en,entailment,"The part was, there was 158 parts to it and we had to break it down put it back together break it down and never make a mistake.",We had to take it apart and reassemble it.,280
en,neutral,"The part was, there was 158 parts to it and we had to break it down put it back together break it down and never make a mistake.",We had to take the jets apart and then put them back together.,281
en,contradiction,"The part was, there was 158 parts to it and we had to break it down put it back together break it down and never make a mistake.",We weren't allowed to touch it at all.,282
en,contradiction,I don't want to go into the Third SS that's Third Strategic Support Squadron.,I couldn't wait to go into the Third SS.,286
en,entailment,I don't want to go into the Third SS that's Third Strategic Support Squadron.,I don't want to be part of the Third SS.,287
en,neutral,I don't want to go into the Third SS that's Third Strategic Support Squadron.,The Third SS is the worst possible squadron.,288
en,contradiction,It wasn't nothing but a desert; there was sagebrush out on the runway.,It was a tropical rainforest.,289
en,entailment,It wasn't nothing but a desert; there was sagebrush out on the runway.,There was a lot of scrubbby foilage in the area.,290
en,neutral,It wasn't nothing but a desert; there was sagebrush out on the runway.,There were tumbleweeds blowing across the runway.,291
en,entailment,"He didn't say a time again, so he just got me over there stressing out, and I really don't even know when it's needed.",I was worried because I didn't know what time.,316
en,neutral,"He didn't say a time again, so he just got me over there stressing out, and I really don't even know when it's needed.",I was worried that I would miss the show because I didn't know what time it was.,317
en,contradiction,"He didn't say a time again, so he just got me over there stressing out, and I really don't even know when it's needed.","I wasn't worried at all, it would happen when it happened.",318
en,neutral,He is from Greece and he is from a small village in Greece called Tokalleka and he came to America and I believe it was 1969 or 1970 and he shortly got married.,He is a Greek man who speaks no English.,325
en,entailment,He is from Greece and he is from a small village in Greece called Tokalleka and he came to America and I believe it was 1969 or 1970 and he shortly got married.,He is a Greek man.,326
en,contradiction,He is from Greece and he is from a small village in Greece called Tokalleka and he came to America and I believe it was 1969 or 1970 and he shortly got married.,He's from Ireland.,327
en,contradiction,"So anyhow, I call Ramona back because I had a question about, I was like, All right, let me hurry up on with it, and I had a question about something I was doing.",I did not bother to call Ramona.,328
en,neutral,"So anyhow, I call Ramona back because I had a question about, I was like, All right, let me hurry up on with it, and I had a question about something I was doing.",I never got a chance to ask the question.,329
en,entailment,"So anyhow, I call Ramona back because I had a question about, I was like, All right, let me hurry up on with it, and I had a question about something I was doing.",I wanted to ask Ramona a question.,330
en,contradiction,Little things like that made a big difference in what I was trying to do.,I didn't even try to do it.,346
en,entailment,Little things like that made a big difference in what I was trying to do.,I was trying to accomplish something.,347
en,neutral,Little things like that made a big difference in what I was trying to do.,I was trying to finish my poster for class and the new markers helped.,348
en,neutral,"Well, there's nobody there to help me.",I'm not able to do it on my own.,349
en,contradiction,"Well, there's nobody there to help me.",There are plenty of people to help me there.,350
en,entailment,"Well, there's nobody there to help me.",There isn't anyone in that place to assist me.,351
en,entailment,"The CIA unloaded the, the film, taken them to the United Nations the next day.",The CIA brought the film to the UN.,361
en,contradiction,"The CIA unloaded the, the film, taken them to the United Nations the next day.",The CIA kept the film for themselves.,362
en,neutral,"The CIA unloaded the, the film, taken them to the United Nations the next day.",The CIA thought the UN needed to see the film right away.,363
en,contradiction,"I already told him, I tried to explain to him that I was frustrated I didn't have all the information I needed.",I told him I didn't want to hear anything else.,364
en,neutral,"I already told him, I tried to explain to him that I was frustrated I didn't have all the information I needed.",I told him I needed more info to decide what to do with the job.,365
en,entailment,"I already told him, I tried to explain to him that I was frustrated I didn't have all the information I needed.",I told him I needed more information.,366
en,entailment,"That's why I didn't graduate college, but I never, I never read any of the books I was supposed to.",I didn't finish college.,373
en,contradiction,"That's why I didn't graduate college, but I never, I never read any of the books I was supposed to.",I finished college with honors.,374
en,neutral,"That's why I didn't graduate college, but I never, I never read any of the books I was supposed to.",I flunked out of college in 2002.,375
en,neutral,"Um, and so they just left town, and she, she never did see her sister again, never saw her sister again.",SHe moved to Texas and never saw her sister again.,385
en,entailment,"Um, and so they just left town, and she, she never did see her sister again, never saw her sister again.",She never saw her sister after that.,386
en,contradiction,"Um, and so they just left town, and she, she never did see her sister again, never saw her sister again.",She saw her sister every day.,387
en,contradiction,"So Granny got up, and she kind of walked down the steps off the porch and she was walking up towards the road and she then just stood there.",Granny stayed on the porch.,388
en,neutral,"So Granny got up, and she kind of walked down the steps off the porch and she was walking up towards the road and she then just stood there.",Granny walked 100 feet from the house.,389
en,entailment,"So Granny got up, and she kind of walked down the steps off the porch and she was walking up towards the road and she then just stood there.",Granny walked away from the house.,390
en,contradiction,The story I shall talk about today is about my father and the culture diversities he had when he moved to America.,I don't want to talk about my parents.,394
en,entailment,The story I shall talk about today is about my father and the culture diversities he had when he moved to America.,I'll tell you about my father's experience as an immigrant.,395
en,neutral,The story I shall talk about today is about my father and the culture diversities he had when he moved to America.,I'll tell you what happened when my dad moved here from Mexico.,396
en,contradiction,It was still cultural area but suburbs was still the dominant form.,It was all very urban.,403
en,neutral,It was still cultural area but suburbs was still the dominant form.,Most of the area was full of cheap houses.,404
en,entailment,It was still cultural area but suburbs was still the dominant form.,Most of the area was suburbia.,405
en,entailment,"And then I heard him leave, so I'm still finishing what I had to do.",I am doing what I'm required to do today.,406
en,neutral,"And then I heard him leave, so I'm still finishing what I had to do.",I'm doing the important jobs that I was assigned this morning.,407
en,contradiction,"And then I heard him leave, so I'm still finishing what I had to do.",I'm not going to bother doing this stuff.,408
en,neutral,"And they found this house or this apartment building or whatever it was that they could live in, and it was right on the edge of Broad Street.",They lived in a white house on Broad Street.,412
en,entailment,"And they found this house or this apartment building or whatever it was that they could live in, and it was right on the edge of Broad Street.",They lived on Broad Street.,413
en,contradiction,"And they found this house or this apartment building or whatever it was that they could live in, and it was right on the edge of Broad Street.",They lived on Main street in a tent.,414
en,entailment,It would not explode without the trigger.,The trigger makes it explode.,433
en,neutral,It would not explode without the trigger.,The trigger makes the bomb explode..,434
en,contradiction,It would not explode without the trigger.,There's no trigger to pull.,435
en,contradiction,"And so when they told her she had to go home with this guy, she said, Go home with him?",They said she couldn't go anywhere yet,472
en,neutral,"And so when they told her she had to go home with this guy, she said, Go home with him?",They told her she had to sleep with the man.,473
en,entailment,"And so when they told her she had to go home with this guy, she said, Go home with him?",They told her to leave with the man.,474
en,entailment,And our father always told us not to say they are animals.,Our dad said not to call them animals.,478
en,contradiction,And our father always told us not to say they are animals.,Our dad said they were animals.,479
en,neutral,And our father always told us not to say they are animals.,"Our dad said they were creatures, not animals.",480
en,neutral,I don't care if you don't know anything about it.,I know you aren't obsessed with it.,484
en,contradiction,I don't care if you don't know anything about it.,I think you should change your mind and be very interested in this!,485
en,entailment,I don't care if you don't know anything about it.,I'm not worried if you don't know anything about it.,486
en,neutral,Even though I don't see how he could have expected me to have it done.,I don't understand why he expected me to finish the drawing today,493
en,entailment,Even though I don't see how he could have expected me to have it done.,I don't understand why he thought i would finish it.,494
en,contradiction,Even though I don't see how he could have expected me to have it done.,I know he knew I wouldn't finish this tonight.,495
en,entailment,"I never did see, and don't know yet why, unless it was just ex, ex, expressing the, the, the need to know what you was a doing and whatever.",I didn't see it.,505
en,neutral,"I never did see, and don't know yet why, unless it was just ex, ex, expressing the, the, the need to know what you was a doing and whatever.",I didn't see what the person was doing on Monday.,506
en,contradiction,"I never did see, and don't know yet why, unless it was just ex, ex, expressing the, the, the need to know what you was a doing and whatever.",I saw every bit of it!,507
en,contradiction,"They asked a few questions and I answered them and they said, Get your baggage and leave there immediately, and come to the address you were supposed to when you arrived in Washington.",They told me I should stay home.,517
en,entailment,"They asked a few questions and I answered them and they said, Get your baggage and leave there immediately, and come to the address you were supposed to when you arrived in Washington.",They told me to grab my bags.,518
en,neutral,"They asked a few questions and I answered them and they said, Get your baggage and leave there immediately, and come to the address you were supposed to when you arrived in Washington.",They told me to pick up by white suitcase.,519
en,neutral,"Come to find out it was a U2 aircraft but we couldn't, we could not say one word about what it was; nothing to our wives, kids or anybody.",We couldn't tell anyone the U2 had landed.,523
en,contradiction,"Come to find out it was a U2 aircraft but we couldn't, we could not say one word about what it was; nothing to our wives, kids or anybody.",We told everyone all about it.,524
en,entailment,"Come to find out it was a U2 aircraft but we couldn't, we could not say one word about what it was; nothing to our wives, kids or anybody.",We weren't allowed to talk about the U2.,525
en,contradiction,"If, if your hand was exposed outside of the pressure suit, your hands would go to about five times the size, if you had a decompression.",No changes would occur in your skin.,538
en,entailment,"If, if your hand was exposed outside of the pressure suit, your hands would go to about five times the size, if you had a decompression.",your hand could change size if it was exposed outside of the suit.,539
en,neutral,"If, if your hand was exposed outside of the pressure suit, your hands would go to about five times the size, if you had a decompression.",your hand would grow a ton if you were on the moon and you stuck it out of the suit.,540
en,contradiction,Is there any reason why she didn't tell you?,I know there's no reason she wouldn't tell you.,541
en,entailment,Is there any reason why she didn't tell you?,Why wouldn't she tell you about it?,542
en,neutral,Is there any reason why she didn't tell you?,Why wouldn't she tell you about the baby?,543
en,contradiction,"They had wound up starting out to New York to visit some relatives of this, this cousin, and they just stayed and he didn't know how to get back, so he just stayed with them.",He never visited his family.,544
en,neutral,"They had wound up starting out to New York to visit some relatives of this, this cousin, and they just stayed and he didn't know how to get back, so he just stayed with them.",He stayed in Brooklynn with his family.,545
en,entailment,"They had wound up starting out to New York to visit some relatives of this, this cousin, and they just stayed and he didn't know how to get back, so he just stayed with them.",He stayed with them in New York.,546
en,contradiction,"No, it was just that one time in the morning, and she said that she was going to come back to the office.",She didn't mention if she was going to return or not.,550
en,entailment,"No, it was just that one time in the morning, and she said that she was going to come back to the office.",She said she was going to return later.,551
en,neutral,"No, it was just that one time in the morning, and she said that she was going to come back to the office.",She said she'd come back to the office with lunch.,552
en,entailment,We didn't know what a U2 was and nobody knew anything about a U2.,We didn't know what the heck a u2 was.,553
en,neutral,We didn't know what a U2 was and nobody knew anything about a U2.,We didn't know what to call the thing we saw in the air.,554
en,contradiction,We didn't know what a U2 was and nobody knew anything about a U2.,We knew all about the U2!,555
en,entailment,"My grandmother was born in 1910, she was a little girl.",My grandma was born 10 years after the turn of the century.,589
en,contradiction,"My grandmother was born in 1910, she was a little girl.",My grandma was born in 1899.,590
en,neutral,"My grandmother was born in 1910, she was a little girl.","My grandma was born on july 1, 1910.",591
en,entailment,So he stayed in Augusta after that?,Did he remain in Augusta?,601
en,neutral,So he stayed in Augusta after that?,Did he stay in Augusta after the riot?,602
en,contradiction,So he stayed in Augusta after that?,I know he left Augusta immediately.,603
en,entailment,"Anyway it got up to, we had about uh, ah, I don't remember the numbers.",I don't remember how many we had.,607
en,neutral,"Anyway it got up to, we had about uh, ah, I don't remember the numbers.",I don't remember how many workers we had.,608
en,contradiction,"Anyway it got up to, we had about uh, ah, I don't remember the numbers.",I know the exact numbers for everything,609
en,contradiction,"Anyhow, so I finished came home at 6:30 today and that was my day.",I decided to come home at lunch and take the rest of the day off.,622
en,entailment,"Anyhow, so I finished came home at 6:30 today and that was my day.",I didnt do anything significant after 6:30 today.,623
en,neutral,"Anyhow, so I finished came home at 6:30 today and that was my day.",I spent most of the day dealing with a complicated customer billing issue.,624
en,neutral,"And so she sat back down, and, you know, they were still chatting, and they could still see this person, and this person was walking really, really fast.",She kept talking to her coworkers about the guy running away.,628
en,entailment,"And so she sat back down, and, you know, they were still chatting, and they could still see this person, and this person was walking really, really fast.",She kept talking.,629
en,contradiction,"And so she sat back down, and, you know, they were still chatting, and they could still see this person, and this person was walking really, really fast.",She stayed silent and looked down at her desk.,630
en,neutral,"And, uh, if it surged and just kept surging it would go 'whish,' and, like it was going to pull your head off.","If there is a surge of electricity, it's very dangerous to anyone around.",634
en,entailment,"And, uh, if it surged and just kept surging it would go 'whish,' and, like it was going to pull your head off.","If there is a surge, there is a noise that accompanies it.",635
en,contradiction,"And, uh, if it surged and just kept surging it would go 'whish,' and, like it was going to pull your head off.",It will only surge once.,636
en,contradiction,I don't have enough information.,I have all the information I could ever need.,640
en,neutral,I don't have enough information.,I need more information to decide what kind of car to purchase.,641
en,entailment,I don't have enough information.,I need to gather more information about this thing.,642
en,neutral,"I'll call you back in about an hour, he says.",He said he would call once he got home.,646
en,entailment,"I'll call you back in about an hour, he says.",He said he'd return the call.,647
en,contradiction,"I'll call you back in about an hour, he says.",He said they were done speaking.,648
en,entailment,"Of course, they questioned me there, why I went.",They asked me why I had gone there.,649
en,neutral,"Of course, they questioned me there, why I went.",They asked why I went to the store.,650
en,contradiction,"Of course, they questioned me there, why I went.",They asked why I'd stayed home.,651
en,contradiction,I had to start training in course.,I didn't need any preparation.,691
en,neutral,I had to start training in course.,I had to learn how to complete the obstacle course.,692
en,entailment,I had to start training in course.,I had to start preparing.,693
en,contradiction,"Well anyway, I went back to my, my desk.",I refused to sit down again.,697
en,entailment,"Well anyway, I went back to my, my desk.",I returned to my seat.,698
en,neutral,"Well anyway, I went back to my, my desk.",I went back and sat down because my boss told me to.,699
en,neutral,Now that's how classified it was.,"If anyone learned the information, they'd be jailed.",703
en,contradiction,Now that's how classified it was.,It was public information.,704
en,entailment,Now that's how classified it was.,It was very classified.,705
en,entailment,They didn't want to stay captive.,They had been captured at some point but wanted to escape.,715
en,neutral,They didn't want to stay captive.,They had been detained in relation to a recent robbery.,716
en,contradiction,They didn't want to stay captive.,They were all terrified of being released from custody.,717
en,contradiction,"So it took me like, an hour to two hours just to find what I needed.",I found it in just a few seconds.,718
en,neutral,"So it took me like, an hour to two hours just to find what I needed.",It took me a long time because the book was really thick and confusing.,719
en,entailment,"So it took me like, an hour to two hours just to find what I needed.",It took me a while to find it.,720
en,entailment,"Physiological support differs from life support in that he handles the altitude chambers which run pilots up to 80 thousand feet in high altitude chambers, and brings him back down.",Pilots get tested in altitude chambers.,721
en,neutral,"Physiological support differs from life support in that he handles the altitude chambers which run pilots up to 80 thousand feet in high altitude chambers, and brings him back down.",Pilots have to be tested in altitude chambers about 20 times a month.,722
en,contradiction,"Physiological support differs from life support in that he handles the altitude chambers which run pilots up to 80 thousand feet in high altitude chambers, and brings him back down.",The altitude chamber has been discontinued.,723
en,contradiction,"And, uh, they moved downtown and, there was, uh, and it's still like this in Augusta, this big street downtown called Broad Street, and it really was just this broad street in a downtown area.",They left Augusta and went to Atlanta.,727
en,entailment,"And, uh, they moved downtown and, there was, uh, and it's still like this in Augusta, this big street downtown called Broad Street, and it really was just this broad street in a downtown area.",They went downtown to the main street.,728
en,neutral,"And, uh, they moved downtown and, there was, uh, and it's still like this in Augusta, this big street downtown called Broad Street, and it really was just this broad street in a downtown area.",They went to the street with the most restaurants and bars.,729
en,contradiction,That was my messed up.,I did it without any errors.,733
en,neutral,That was my messed up.,I made a mistake when i sent in the forms.,734
en,entailment,That was my messed up.,I made a mistake.,735
en,contradiction,"She's like, But you need to look here, look here, she's gives me like three different places to look in the computer.",She had no idea where to look.,739
en,neutral,"She's like, But you need to look here, look here, she's gives me like three different places to look in the computer.",She told me the folders would be on the desktop.,740
en,entailment,"She's like, But you need to look here, look here, she's gives me like three different places to look in the computer.",She told me where to search.,741
en,contradiction,oh it was Snake River oh Snake River with a lot of snakes in it,"Despite its name, Snake River doesn't actually contain any snakes; it's named for its S-shape.",769
en,neutral,oh it was Snake River oh Snake River with a lot of snakes in it,Snake River has lots of snapping turtles.,770
en,entailment,oh it was Snake River oh Snake River with a lot of snakes in it,Snake River is filled with snakes.,771
en,entailment,yeah i have a credit union,I do have a credit union I go to.,772
en,neutral,yeah i have a credit union,I visit my credit union frequently.,773
en,contradiction,yeah i have a credit union,What's a credit union?,774
en,neutral,exactly it's it's an active state it's not something that you can kind of you know be passively involved in and expect to do any good really i don't think,I think you have to devote 10 hours a day to be good at it.,775
en,entailment,exactly it's it's an active state it's not something that you can kind of you know be passively involved in and expect to do any good really i don't think,I think you need to be devoted to it to do well.,776
en,contradiction,exactly it's it's an active state it's not something that you can kind of you know be passively involved in and expect to do any good really i don't think,It's fine if you don't really take it seriously.,777
en,contradiction,and that what i think is gonna be really interesting is what we do about it i mean we are gonna have to change the people who represent us,I just know it will be so boring and not worth changing those that represent us so we should not even try to change.,793
en,neutral,and that what i think is gonna be really interesting is what we do about it i mean we are gonna have to change the people who represent us,I think it will be challenging to change our representatives but worthwhile in the end.,794
en,entailment,and that what i think is gonna be really interesting is what we do about it i mean we are gonna have to change the people who represent us,We have to make changes to those that represent us.,795
en,contradiction,and they can be very nice too after after they've been trained,They become hardened and cold once they complete the training.,799
en,neutral,and they can be very nice too after after they've been trained,They change rapidly while undergoing training.,800
en,entailment,and they can be very nice too after after they've been trained,When they undergo training they can be quite pleasant.,801
en,neutral,and it can go on for ten twenty years i i think this is a little ridiculous,I think it's crazy that one lawsuit can go on so many years.,805
en,entailment,and it can go on for ten twenty years i i think this is a little ridiculous,I think it's nuts that it can last so long.,806
en,contradiction,and it can go on for ten twenty years i i think this is a little ridiculous,It only lasts a week.,807
en,entailment,yeah you you must've had a cordless,Correct the one you had was cordless.,817
en,contradiction,yeah you you must've had a cordless,The one you had was definitely a corded version only.,818
en,neutral,yeah you you must've had a cordless,You might have had one with an optional cord.,819
en,contradiction,are you saying the teachers or the parents,Are you saying the students or the teacher's aide did it?,826
en,entailment,are you saying the teachers or the parents,Is it the teachers or the parents?,827
en,neutral,are you saying the teachers or the parents,What are you implying about the parents and the teachers?,828
en,entailment,besides i probably would look at something uh maybe a a V six,I am thinking of looking at a V6.,835
en,neutral,besides i probably would look at something uh maybe a a V six,I think a V6 is the best way to go.,836
en,contradiction,besides i probably would look at something uh maybe a a V six,I would never consider a V6.,837
en,contradiction,well i guess it would i guess so well i don't know i i i really haven't sorted out all my feelings on the drug testing uh i'm totally straight would never consider using drugs,"I am strongly against drug testing, there is no doubt in my mind about it.",841
en,neutral,well i guess it would i guess so well i don't know i i i really haven't sorted out all my feelings on the drug testing uh i'm totally straight would never consider using drugs,I guess I would be fine with being drug tested.,842
en,entailment,well i guess it would i guess so well i don't know i i i really haven't sorted out all my feelings on the drug testing uh i'm totally straight would never consider using drugs,I think so but I have not gone through my emotions with regards to drug testing.,843
en,entailment,care about how the national news affects the local area,Concerned about the local places being affected by national news.,865
en,contradiction,care about how the national news affects the local area,I could care less what the national news covers with concerns about our local areas.,866
en,neutral,care about how the national news affects the local area,The national news outlets make our local places seem backwards.,867
en,entailment,but no we usually you know skirt and skirt and blouse or suit or dress is is what you see down here so it's nice with me working at home because i can wear pants,I don't dress up when I work at home.,883
en,neutral,but no we usually you know skirt and skirt and blouse or suit or dress is is what you see down here so it's nice with me working at home because i can wear pants,I don't wear anything other than sweats when I work at home.,884
en,contradiction,but no we usually you know skirt and skirt and blouse or suit or dress is is what you see down here so it's nice with me working at home because i can wear pants,I still wear dresses when I'm working at home because I feel fancier.,885
en,neutral,yeah there there's something about having a place to live i don't know,Having a place to live is a dream come true.,895
en,contradiction,yeah there there's something about having a place to live i don't know,I don't really care if i have a place to live.,896
en,entailment,yeah there there's something about having a place to live i don't know,It's nice to have a place to live.,897
en,neutral,yeah yeah i you know i i wouldn't even mind so much if they had a um corporation that is financed,It would be easy to find out if the corporation was financed.,898
en,contradiction,yeah yeah i you know i i wouldn't even mind so much if they had a um corporation that is financed,It would make me angry to find out that they had financed the corporation.,899
en,entailment,yeah yeah i you know i i wouldn't even mind so much if they had a um corporation that is financed,It wouldn't bother me if the corporation was financed.,900
en,neutral,yeah it's ours up here we have our rural connections are real bad,The connections around here are sometimes okay.,916
en,entailment,yeah it's ours up here we have our rural connections are real bad,We do not get good connections here.,917
en,contradiction,yeah it's ours up here we have our rural connections are real bad,We have the best connections around here.,918
en,contradiction,and uh i kind of kind of like the black eyed pea but i don't think it's a chain,I can not stand the Black Eyed Pea.,922
en,neutral,and uh i kind of kind of like the black eyed pea but i don't think it's a chain,I might check out the Black Eyed Pea later.,923
en,entailment,and uh i kind of kind of like the black eyed pea but i don't think it's a chain,"The Black Eyed Pea is likable, I think its corporate.",924
en,contradiction,but on the other hand we've eaten a lot of raccoon and possum and turtle all kinds of,I Do not eat any kind of meat.,931
en,entailment,but on the other hand we've eaten a lot of raccoon and possum and turtle all kinds of,"I have ate unusual animals before such as turtle, raccoon and possum.",932
en,neutral,but on the other hand we've eaten a lot of raccoon and possum and turtle all kinds of,I have tried many different types of animals for food.,933
en,neutral,one of the benefits we get of course is travel,Traveling is my favorite part of it.,937
en,entailment,one of the benefits we get of course is travel,Traveling is one perk we get.,938
en,contradiction,one of the benefits we get of course is travel,We don't get any benefits.,939
en,neutral,it's it's really bad it uh i,I have heard it is not good.,958
en,entailment,it's it's really bad it uh i,It is horrible.,959
en,contradiction,it's it's really bad it uh i,It's not bad at all.,960
en,contradiction,yeah it was pretty reasonable,"No, I think that is insane and highly irrational.",964
en,entailment,yeah it was pretty reasonable,"Yes, it was very acceptable.",965
en,neutral,yeah it was pretty reasonable,"Yes, we acknowledge that it was difficult but nonetheless came out pretty well in the end.",966
en,entailment,so um  we usually meet like at my uncle's cottage in the um at the lake and uh make a couple days of it,We go to the cottage for a couple of days.,967
en,neutral,so um  we usually meet like at my uncle's cottage in the um at the lake and uh make a couple days of it,We go to the cottage in Minnesota.,968
en,contradiction,so um  we usually meet like at my uncle's cottage in the um at the lake and uh make a couple days of it,We have never been to the cottage.,969
en,neutral,exactly and i was very flattered until she told me she the company she was with,I do not like the company she is with.,973
en,contradiction,exactly and i was very flattered until she told me she the company she was with,She did not flatter me at all.,974
en,entailment,exactly and i was very flattered until she told me she the company she was with,She made me feel good until I found out who she was with.,975
en,entailment,have you read The Firm,Did you read The Firm?,976
en,contradiction,have you read The Firm,Have you read The Soft?,977
en,neutral,have you read The Firm,Would you like to borrow my copy of The Firm to read?,978
en,neutral,yeah and we just kind of we kept uh kind of uh it was a surprise birthday party for her was what it was,She loved the surprise party.,979
en,contradiction,yeah and we just kind of we kept uh kind of uh it was a surprise birthday party for her was what it was,We didnt do anything for her birthday.,980
en,entailment,yeah and we just kind of we kept uh kind of uh it was a surprise birthday party for her was what it was,We threw a surprise birthday for her.,981
en,entailment,i don't know coming from Texas you're probably i don't know i i shouldn't make stereo types but gun control is probably frowned on quite a bit down there i would think,Gun control is probably not popular in Texas.,988
en,contradiction,i don't know coming from Texas you're probably i don't know i i shouldn't make stereo types but gun control is probably frowned on quite a bit down there i would think,I don't think gun control would upset people in Texas.,989
en,neutral,i don't know coming from Texas you're probably i don't know i i shouldn't make stereo types but gun control is probably frowned on quite a bit down there i would think,Texas should have stronger gun control laws.,990
en,entailment,uh-huh oh she's great she's you know she's a character she'll sit with anybody she'll play with anybody,She is willing to sit or play with anybody.,991
en,neutral,uh-huh oh she's great she's you know she's a character she'll sit with anybody she'll play with anybody,"She normally plays poker or blackjack, but will sometimes play scrabble.",992
en,contradiction,uh-huh oh she's great she's you know she's a character she'll sit with anybody she'll play with anybody,She refuses to sit next to anybody who she does not already know.,993
en,neutral,course that might up crime you know and uh people go in and steal your television and steal and sell it just because they can't they can't work anymore you know,People will work if they have opportunity.,997
en,entailment,course that might up crime you know and uh people go in and steal your television and steal and sell it just because they can't they can't work anymore you know,That might cause crime to increase.,998
en,contradiction,course that might up crime you know and uh people go in and steal your television and steal and sell it just because they can't they can't work anymore you know,That will cause a decrease in crime.,999
en,entailment,yeah they had a whole bunch of things that that sort of broke at the same time,Most of their stuff broke at the same time.,1015
en,contradiction,yeah they had a whole bunch of things that that sort of broke at the same time,None of their stuff broke.,1016
en,neutral,yeah they had a whole bunch of things that that sort of broke at the same time,Some of the broken stuff was valuable.,1017
en,entailment,but uh so you like different foods huh,Do you like different types of food?,1024
en,contradiction,but uh so you like different foods huh,I hear you say you don't like trying new foods.,1025
en,neutral,but uh so you like different foods huh,You must enjoy trying different ethnic foods.,1026
en,neutral,uh-huh how do you feel the newspapers there in Colorado Springs treats local interest news,Do you think that the local newspapers are not interested in what the citizens have to say?,1030
en,contradiction,uh-huh how do you feel the newspapers there in Colorado Springs treats local interest news,What do you think about national newspapers and their global coverage?,1031
en,entailment,uh-huh how do you feel the newspapers there in Colorado Springs treats local interest news,What is your opinion on how the papers treat the local news?,1032
en,neutral,you know one other benefit that that just occurred to me i didn't take it as much advantage of it at least not yet in  sometimes big companies will pay for like education,It would be worth it to work for a larger company if they gave me money for college.,1036
en,contradiction,you know one other benefit that that just occurred to me i didn't take it as much advantage of it at least not yet in  sometimes big companies will pay for like education,No companies help with education costs no matter how large or small.,1037
en,entailment,you know one other benefit that that just occurred to me i didn't take it as much advantage of it at least not yet in  sometimes big companies will pay for like education,Sometimes larger companies help you pay for education.,1038
en,neutral,well why don't you start because you've had more time to think about it if you don't mind,Why don't you explain your book to us all.,1039
en,entailment,well why don't you start because you've had more time to think about it if you don't mind,Why don't you go first.,1040
en,contradiction,well why don't you start because you've had more time to think about it if you don't mind,You should go last because you don't know anything.,1041
en,entailment,um-hum do you find that you're uh  uh disappointed or pleased with uh uh the performance of like network coverage of news,Are you happy with network news coverage?,1042
en,contradiction,um-hum do you find that you're uh  uh disappointed or pleased with uh uh the performance of like network coverage of news,I guess you don't ever watch network news.,1043
en,neutral,um-hum do you find that you're uh  uh disappointed or pleased with uh uh the performance of like network coverage of news,I think the networks spin the news to make you think what they want you to think.,1044
en,neutral,yeah i don't yeah well what get's me you know this thing it went down to defeat last December by how many votes by just a few hundred votes,It got voted down because people didn't want to get out and vote.,1051
en,entailment,yeah i don't yeah well what get's me you know this thing it went down to defeat last December by how many votes by just a few hundred votes,It lost by not very many votes.,1052
en,contradiction,yeah i don't yeah well what get's me you know this thing it went down to defeat last December by how many votes by just a few hundred votes,It passed by a 99% margin.,1053
en,neutral,oh um no but they do have hay horse races  at the Oaklawn tracks,The hay horse races are fun.,1054
en,entailment,oh um no but they do have hay horse races  at the Oaklawn tracks,There are hay horse races at the tracks at Oaklawn.,1055
en,contradiction,oh um no but they do have hay horse races  at the Oaklawn tracks,There are no races at Oaklawn tracks.,1056
en,entailment,but i know that in some i know in a lot of rural areas they're not that good,They are not very good in rural areas.,1057
en,neutral,but i know that in some i know in a lot of rural areas they're not that good,They are really good in urban areas.,1058
en,contradiction,but i know that in some i know in a lot of rural areas they're not that good,They are very good in both urban and rural areas.,1059
en,neutral,right they will go through the slot,They are easy to slide through.,1063
en,entailment,right they will go through the slot,They go in the opening.,1064
en,contradiction,right they will go through the slot,They go in the trash.,1065
en,neutral,is it twenty percent interest,Could the interest be more than 20?,1066
en,entailment,is it twenty percent interest,Is the interest percent 20?,1067
en,contradiction,is it twenty percent interest,There is no interest.,1068
en,neutral,now that's one of the best deterrents for a robber is a noisy neighbor even if the neighbor's got a noisy dog that's a deterrent because they know that that dog's going to bark,Robbers don't like dogs because they are loud and often bite them.,1072
en,entailment,now that's one of the best deterrents for a robber is a noisy neighbor even if the neighbor's got a noisy dog that's a deterrent because they know that that dog's going to bark,Robbers don't like dogs.,1073
en,contradiction,now that's one of the best deterrents for a robber is a noisy neighbor even if the neighbor's got a noisy dog that's a deterrent because they know that that dog's going to bark,Robbers know dogs will be quiet soon.,1074
en,contradiction,uh-huh it's funny and um i i guess i just like funny shows mostly,I don't like funny shows.,1075
en,entailment,uh-huh it's funny and um i i guess i just like funny shows mostly,I like watching funny shows.,1076
en,neutral,uh-huh it's funny and um i i guess i just like funny shows mostly,I may have to watch this new comedy show.,1077
en,contradiction,i don't know  okay well it was good talking to you and have a good evening,I hope you have a great morning! It was nice chatting with you online.,1093
en,neutral,i don't know  okay well it was good talking to you and have a good evening,I think I know why I'm not well but I do not want to tell you.,1094
en,entailment,i don't know  okay well it was good talking to you and have a good evening,"I'm not certain but I'm kinda fine, it was nice to speak with you tonight.",1095
en,neutral,came back from uh uh Grand Rapids where we saw one of our sons graduate,Grand Rapids is a beautiful place.,1111
en,contradiction,came back from uh uh Grand Rapids where we saw one of our sons graduate,We don't have a son.,1112
en,entailment,came back from uh uh Grand Rapids where we saw one of our sons graduate,We went to Grand Rapids to see our son graduate.,1113
en,entailment,do you do you wilderness camp,Did you attend the camp about wilderness?,1120
en,contradiction,do you do you wilderness camp,Did you go to the indoor camp?,1121
en,neutral,do you do you wilderness camp,I thought you went to the camp.,1122
en,neutral,it's only getting worse exponentially it seems um,It is slowly getting worse.,1123
en,entailment,it's only getting worse exponentially it seems um,It seems to be getting worse.,1124
en,contradiction,it's only getting worse exponentially it seems um,It's getting better.,1125
en,neutral,and i really hate to lose them but um that's one of the hazards i guess of uh having a a yard because i,Having a yard is not all fun and games but I do enjoy it.,1141
en,entailment,and i really hate to lose them but um that's one of the hazards i guess of uh having a a yard because i,I do not wish to lose it but that is what could happen when you own a yard.,1142
en,contradiction,and i really hate to lose them but um that's one of the hazards i guess of uh having a a yard because i,When you own your own piece of land you have nothing to lose anymore.,1143
en,entailment,tag them or anything you you do it all yourself they tell you what to do but you do it all yourself,"After they tell you what to do, you go ahead and do it yourself.",1144
en,contradiction,tag them or anything you you do it all yourself they tell you what to do but you do it all yourself,They don't tell you how to do it at all.,1145
en,neutral,tag them or anything you you do it all yourself they tell you what to do but you do it all yourself,They give decent instructions on how to go about it.,1146
en,contradiction,not just lawyers but police officers and judges and the whole legal profession in general,It has nothing to do with anyone involved in the legal system.,1153
en,entailment,not just lawyers but police officers and judges and the whole legal profession in general,It's everyone involved in the legal system.,1154
en,neutral,not just lawyers but police officers and judges and the whole legal profession in general,"Most of the legal system is involved, a majority being that of police.",1155
en,entailment,and uh that was twenty five hundred people when i joined and uh,At the time that I became a member there was at least twenty five hundred individuals.,1168
en,neutral,and uh that was twenty five hundred people when i joined and uh,I think when I joined there was at least a few people that I knew.,1169
en,contradiction,and uh that was twenty five hundred people when i joined and uh,There is only at the most one hundred people that ever joined.,1170
en,contradiction,uh yeah and i was gonna say uh I'll Fly Away which uh i think it was supposed to uh catch some of the same viewers as uh,I really don't even know what I would pick.,1171
en,entailment,uh yeah and i was gonna say uh I'll Fly Away which uh i think it was supposed to uh catch some of the same viewers as uh,I would choose I'll Fly Away.,1172
en,neutral,uh yeah and i was gonna say uh I'll Fly Away which uh i think it was supposed to uh catch some of the same viewers as uh,I'll Fly Away is my favorite movie and I watch it weekly.,1173
en,neutral,yeah but i don't think we're gonna to do it because it's uh you can't get local stations and that's the news that we're mostly interested in,The price is pretty good.,1174
en,contradiction,yeah but i don't think we're gonna to do it because it's uh you can't get local stations and that's the news that we're mostly interested in,We are definitely going to get it to watch our local news.,1175
en,entailment,yeah but i don't think we're gonna to do it because it's uh you can't get local stations and that's the news that we're mostly interested in,We don't want it because we like local news and it doesn't get local stations.,1176
en,contradiction,i'm afraid that um i think his name was Anderson was the the gentleman who ran for uh on an independent ticket against Reagan and,Anderson beat out Reagan.,1186
en,entailment,i'm afraid that um i think his name was Anderson was the the gentleman who ran for uh on an independent ticket against Reagan and,Anderson ran against Reagan as an independent.,1187
en,neutral,i'm afraid that um i think his name was Anderson was the the gentleman who ran for uh on an independent ticket against Reagan and,There were other independent tickets that ran as well.,1188
en,entailment,yeah i think there's so much more economicable too just like with gas and everything i mean i can go forever on a tank of gas,The are more economical because they are really good on gas.,1192
en,contradiction,yeah i think there's so much more economicable too just like with gas and everything i mean i can go forever on a tank of gas,The gas mileage is terrible and I'm constantly paying for gas.,1193
en,neutral,yeah i think there's so much more economicable too just like with gas and everything i mean i can go forever on a tank of gas,They are also the best looking cars around.,1194
en,entailment,a few years ago i was a student there and spent um a semester studying abroad in London,A couple years ago I studied in London for a semester.,1195
en,contradiction,a few years ago i was a student there and spent um a semester studying abroad in London,I have never studied abroad before.,1196
en,neutral,a few years ago i was a student there and spent um a semester studying abroad in London,London schools are the best.,1197
en,contradiction,but they did something a little different with them,The did the same thing as everyone else.,1198
en,neutral,but they did something a little different with them,Their way of using them was much better.,1199
en,entailment,but they did something a little different with them,They did things with them a little differently.,1200
en,entailment,i never have can't do anything with cakes so,I am not able to use the cakes.,1216
en,contradiction,i never have can't do anything with cakes so,I could never run out of ideas for cake!,1217
en,neutral,i never have can't do anything with cakes so,I wish I could do something with the cakes but I have no use for them.,1218
en,entailment,well i have a VCR and i've had to return it a couple of times because of the same part failure and uh it's still not getting a real good picture,I have a VCR that keeps breaking.,1249
en,contradiction,well i have a VCR and i've had to return it a couple of times because of the same part failure and uh it's still not getting a real good picture,My VCR works perfectly.,1250
en,neutral,well i have a VCR and i've had to return it a couple of times because of the same part failure and uh it's still not getting a real good picture,The VCR only works for about a week and then it is broken again.,1251
en,contradiction,huh well that's neat well um it was real funny i went to a seminar that was just it was is a satellite seminar it was really neat and it was just for women,I really didn't like the seminar that was done by satellite.,1255
en,entailment,huh well that's neat well um it was real funny i went to a seminar that was just it was is a satellite seminar it was really neat and it was just for women,I went to a seminar that was done by satellite.,1256
en,neutral,huh well that's neat well um it was real funny i went to a seminar that was just it was is a satellite seminar it was really neat and it was just for women,There were a lot of people attending the satellite seminar.,1257
en,neutral,yeah because it's uh it had definitely been through the mill but uh,I wish that this did not have to happen since it was so discouraging.,1270
en,contradiction,yeah because it's uh it had definitely been through the mill but uh,Yeah it made it without a single scratch!,1271
en,entailment,yeah because it's uh it had definitely been through the mill but uh,Yes is have surely gone through a lot.,1272
en,neutral,well oh well that's interesting do you uh did you take classes to learn how to do that,I bet you taught yourself how to do that.,1285
en,contradiction,well oh well that's interesting do you uh did you take classes to learn how to do that,"That is so lame, I am glad you dont know how to do it.",1286
en,entailment,well oh well that's interesting do you uh did you take classes to learn how to do that,Where did you learn how to do that?,1287
en,contradiction,with the others we've either with some friends done a a sort of Mother's Day out kind of thing where they took turns,It was for Father's Day and Ellen always took care of it.,1303
en,entailment,with the others we've either with some friends done a a sort of Mother's Day out kind of thing where they took turns,Some friends celebrated Mother's Day.,1304
en,neutral,with the others we've either with some friends done a a sort of Mother's Day out kind of thing where they took turns,Some friends took turns hosting Mother's Day brunch.,1305
en,neutral,do we know what we're going to say,Do you know what script they're going to give us to read?,1321
en,contradiction,do we know what we're going to say,I know we don't have a clue what we'll say.,1322
en,entailment,do we know what we're going to say,What are we doing to say?,1323
en,contradiction,yeah they weren't course they weren't talking about uh where you know you're absolutely unable to care for them but it was it you know they would come from large extended families,"Everyone takes care of their own family, no matter what.",1324
en,neutral,yeah they weren't course they weren't talking about uh where you know you're absolutely unable to care for them but it was it you know they would come from large extended families,Some people can't care for elderly relatives because their homes have lots of stairs.,1325
en,entailment,yeah they weren't course they weren't talking about uh where you know you're absolutely unable to care for them but it was it you know they would come from large extended families,Some people can't care for other people.,1326
en,entailment,uh-huh all right bye now,Goodbye!,1333
en,neutral,uh-huh all right bye now,It was great talking to you and I'll talk to you tomorrow.,1334
en,contradiction,uh-huh all right bye now,Let's keep talking.,1335
en,contradiction,okay and do they have good lasagna,The lasagna is the worst thing I've tried!,1342
en,entailment,okay and do they have good lasagna,Their lasagna is excellent.,1343
en,neutral,okay and do they have good lasagna,Their lasagna is great because of the spicy sausage they use.,1344
en,entailment,it's just that since my money is tight right now i don't even give myself a tempting,I don't have a lot of money right now.,1345
en,contradiction,it's just that since my money is tight right now i don't even give myself a tempting,I have a ton of money right now so I want to go shopping.,1346
en,neutral,it's just that since my money is tight right now i don't even give myself a tempting,I only have $20 until payday.,1347
en,contradiction,yeah some special interest group,The group is interested in a lot of different topics.,1354
en,neutral,yeah some special interest group,The group is interested in environmental issues.,1355
en,entailment,yeah some special interest group,The group is interested in the matter.,1356
en,entailment,um there's nothing wrong with a parent gifting everything she has to uh to uh to an individual like uh like like you,It's ok for a parent to give lots of gifts.,1360
en,neutral,um there's nothing wrong with a parent gifting everything she has to uh to uh to an individual like uh like like you,It's ok for parents to support their kids until they are able to do it on their own.,1361
en,contradiction,um there's nothing wrong with a parent gifting everything she has to uh to uh to an individual like uh like like you,Parents should just keep everything they have and not share it.,1362
en,contradiction,Texas only had fifty five thousand when i was there,I have never been to Texas before.,1372
en,neutral,Texas only had fifty five thousand when i was there,I lived in Texas in the 1980's.,1373
en,entailment,Texas only had fifty five thousand when i was there,I used to be in Texas.,1374
en,contradiction,expensive you can get a lot of money in that kind of stuff especially the good stuff,It's not worth anything because it's junk.,1378
en,entailment,expensive you can get a lot of money in that kind of stuff especially the good stuff,You can get paid a lot for that.,1379
en,neutral,expensive you can get a lot of money in that kind of stuff especially the good stuff,You can get paid a ton of money if you have the best fabrics.,1380
en,neutral,excuse me we pay for any you know the child care but we don't pay as much as they do off base,Childcare costs $2000 more off base.,1390
en,entailment,excuse me we pay for any you know the child care but we don't pay as much as they do off base,Childcare is cheaper on base.,1391
en,contradiction,excuse me we pay for any you know the child care but we don't pay as much as they do off base,Childcare is free off base.,1392
en,contradiction,um hum yeah so so so you got a sign up there that says you got this alarm system and what if a burglar comes along and cuts your phone line,It's not a good idea to put signs up saying you have an alarm.,1399
en,neutral,um hum yeah so so so you got a sign up there that says you got this alarm system and what if a burglar comes along and cuts your phone line,The alarm company gives you signs to put in each window.,1400
en,entailment,um hum yeah so so so you got a sign up there that says you got this alarm system and what if a burglar comes along and cuts your phone line,There is a sign to say you have an alarm.,1401
en,contradiction,yeah we have between the spouse and myself we have six,"I'm single, never married.",1408
en,neutral,yeah we have between the spouse and myself we have six,My husband and I have six kids total.,1409
en,entailment,yeah we have between the spouse and myself we have six,My spouse and I have six of them.,1410
en,neutral,yes well it it's not it's not legal to carry a handgun in Texas but no it's not you can have it in your home,It's a felony to have a handgun in public in Texas.,1414
en,contradiction,yes well it it's not it's not legal to carry a handgun in Texas but no it's not you can have it in your home,You can take a handgun anywhere you want in Texas!,1415
en,entailment,yes well it it's not it's not legal to carry a handgun in Texas but no it's not you can have it in your home,You can't carry a handgun in Texas outside of your house.,1416
en,contradiction,um well i sort of own a computer we have two PCs at home but neither one do we really own um both are no both of them are sort of work related and,I don't own any electronics.,1435
en,neutral,um well i sort of own a computer we have two PCs at home but neither one do we really own um both are no both of them are sort of work related and,I have an Apple and an HP computer at home.,1436
en,entailment,um well i sort of own a computer we have two PCs at home but neither one do we really own um both are no both of them are sort of work related and,I have two computers in my house.,1437
en,contradiction,and uh sometimes it's nice to go out and have a salad,I never eat salad- gross!,1438
en,neutral,and uh sometimes it's nice to go out and have a salad,I occasionally like to eat a vegetarian salad on the deck.,1439
en,entailment,and uh sometimes it's nice to go out and have a salad,I occasionally like to eat salad.,1440
en,entailment,and uh so i really enjoyed that,I truly liked that.,1450
en,neutral,and uh so i really enjoyed that,I would love to have another since I found it to be so nice.,1451
en,contradiction,and uh so i really enjoyed that,That was beyond disgusting!,1452
en,contradiction,wow maybe i should go see it in a theatre and plan to go out to dinner afterwards so we could sit and talk about it,I don't want to go see that movie at all!,1468
en,neutral,wow maybe i should go see it in a theatre and plan to go out to dinner afterwards so we could sit and talk about it,We can go eat Chinese food after we watch that Oscar-nominated movie.,1469
en,entailment,wow maybe i should go see it in a theatre and plan to go out to dinner afterwards so we could sit and talk about it,We can go to dinner after the show.,1470
en,entailment,and they just pretty much know how much they have coming in you know and they just make sure they don't buy over,They are aware of the money they have as income.,1471
en,contradiction,and they just pretty much know how much they have coming in you know and they just make sure they don't buy over,They have no idea how much money they're getting.,1472
en,neutral,and they just pretty much know how much they have coming in you know and they just make sure they don't buy over,They know that they are making $2903 a month.,1473
en,entailment,well we're definitely keeping them poor and down trodden and helpless,Our actions prevent them from improving.,1477
en,contradiction,well we're definitely keeping them poor and down trodden and helpless,We are encouraging them and uplifting them every day.,1478
en,neutral,well we're definitely keeping them poor and down trodden and helpless,We make it so poor people can't succeed in our society.,1479
en,contradiction,it's kind of like a soap a nighttime soap opera type thing,It's a very serious new show.,1483
en,entailment,it's kind of like a soap a nighttime soap opera type thing,It's like soap opera show.,1484
en,neutral,it's kind of like a soap a nighttime soap opera type thing,The show is a lot like Days of Our lives.,1485
en,contradiction,yeah i always said if i died well i always said if i died i'd come back as a dog  that'd be the best way to be,I don't believe in any type of afterlife.,1486
en,neutral,yeah i always said if i died well i always said if i died i'd come back as a dog  that'd be the best way to be,I think most people who die come back as animals.,1487
en,entailment,yeah i always said if i died well i always said if i died i'd come back as a dog  that'd be the best way to be,"If I die, I always believe I will be reincarnated as a dog.",1488
en,neutral,um-hum well and i was gonna say there are some other areas they could cut you know i don't they wouldn't necessarily have to cut it out of there,I thought they should cut the food expenditures and not books.,1489
en,entailment,um-hum well and i was gonna say there are some other areas they could cut you know i don't they wouldn't necessarily have to cut it out of there,I was going to suggest other cuts.,1490
en,contradiction,um-hum well and i was gonna say there are some other areas they could cut you know i don't they wouldn't necessarily have to cut it out of there,There is just nothing else they can cut!,1491
en,entailment,the latest contract that was awarded Virginia sued or has got a lawsuit against uh Gratin to stop construction because it was unfairly obtained or something like that you know,The contracts have been very messy.,1498
en,neutral,the latest contract that was awarded Virginia sued or has got a lawsuit against uh Gratin to stop construction because it was unfairly obtained or something like that you know,The contracts have raised lots of red flags with the lawyers.,1499
en,contradiction,the latest contract that was awarded Virginia sued or has got a lawsuit against uh Gratin to stop construction because it was unfairly obtained or something like that you know,The contracts were all signed without an issue.,1500
en,neutral,Espinosa collected many romances from Californios in the 1920s.,Espinosa resold these romances in France at a healthy profit.,1522
en,entailment,Espinosa collected many romances from Californios in the 1920s.,Espinosa was interested in collecting romances.,1523
en,contradiction,Espinosa collected many romances from Californios in the 1920s.,Esponosa died in 1900.,1524
en,contradiction,These higher-order complexes of molecular devices arise because natural selection is able to act upon the collective properties of such molecular aggregates when those collective properties augment adaptive fitness.,All molecular devices are equally complex.,1525
en,entailment,These higher-order complexes of molecular devices arise because natural selection is able to act upon the collective properties of such molecular aggregates when those collective properties augment adaptive fitness.,More complex molecular devices can arise under some conditions.,1526
en,neutral,These higher-order complexes of molecular devices arise because natural selection is able to act upon the collective properties of such molecular aggregates when those collective properties augment adaptive fitness.,These molecular devices are mostly used to produce various poisons for protection.,1527
en,neutral,But I do not believe any such algorithmic tool can be complete.,The algorithm cannot decide how to make a perfect sandwich without human judgement.,1528
en,entailment,But I do not believe any such algorithmic tool can be complete.,There is no tool that can completely solve this problem on its own.,1529
en,contradiction,But I do not believe any such algorithmic tool can be complete.,These tools work flawlessly under any circumstances.,1530
en,contradiction,The law redeems not the individual but the community or the nation as a whole.,"For redemption, individuals should turn to the law.",1543
en,neutral,The law redeems not the individual but the community or the nation as a whole.,The law will redeem America.,1544
en,entailment,The law redeems not the individual but the community or the nation as a whole.,The law will save the community and the nation.,1545
en,contradiction,The constitutional text of 1787 had stipulated a right of slave owners to recover slaves who had escaped into free territory.,In 1787 a law was passed that stopped people from reclaiming any slaves that had made it to free lands.,1552
en,entailment,The constitutional text of 1787 had stipulated a right of slave owners to recover slaves who had escaped into free territory.,Part of the text of the constitution was written in 1787.,1553
en,neutral,The constitutional text of 1787 had stipulated a right of slave owners to recover slaves who had escaped into free territory.,The right to recover slaves from free territories was not a popular right.,1554
en,contradiction,"Steve Harris, a molecular biologist from Texas was visiting.",Steve Harris refused to leave his house for any reason.,1555
en,entailment,"Steve Harris, a molecular biologist from Texas was visiting.",Steve was a biologist from out of town.,1556
en,neutral,"Steve Harris, a molecular biologist from Texas was visiting.",Steve was visiting California to study a new sample.,1557
en,contradiction,"Membership consisted of between thirty and fifty adult men per chapter (called moradas) and were divided into two  common members, called hermanos disciplantes (brothers who discipline), and officers, called hermanos de luz (brothers of light).",Most than one hundred officers served in each chapter.,1573
en,entailment,"Membership consisted of between thirty and fifty adult men per chapter (called moradas) and were divided into two  common members, called hermanos disciplantes (brothers who discipline), and officers, called hermanos de luz (brothers of light).",The chapters contained both common members and officers.,1574
en,neutral,"Membership consisted of between thirty and fifty adult men per chapter (called moradas) and were divided into two  common members, called hermanos disciplantes (brothers who discipline), and officers, called hermanos de luz (brothers of light).",These units were responsible for converting native populations in Central America.,1575
en,contradiction,"For 4- and 5-year-olds, questions more often address narrative organization ( What happens next?",Children do not usually learn to communicate until the age of six.,1579
en,entailment,"For 4- and 5-year-olds, questions more often address narrative organization ( What happens next?",Five year olds are concerned with what happens next.,1580
en,neutral,"For 4- and 5-year-olds, questions more often address narrative organization ( What happens next?",Five year olds are generally considered poor conversationalists.,1581
en,entailment,"Intuitively, slightly convergent flow in state space allows classification, for when two states converge on a single successor state, those two states have been classified as  equivalent  by the network.",Convergent flow allows classification.,1582
en,neutral,"Intuitively, slightly convergent flow in state space allows classification, for when two states converge on a single successor state, those two states have been classified as  equivalent  by the network.",Convergent flow is influenced by population.,1583
en,contradiction,"Intuitively, slightly convergent flow in state space allows classification, for when two states converge on a single successor state, those two states have been classified as  equivalent  by the network.",Convergent flow prevents classification.,1584
en,entailment,"Therefore, they persistently create a nonstationary world in which only the relatively recent past has valid data.",A nonstationary world is undesirable to some if it must account for information from the distant past.,1591
en,contradiction,"Therefore, they persistently create a nonstationary world in which only the relatively recent past has valid data.",All data from every time frame is valid for any world.,1592
en,neutral,"Therefore, they persistently create a nonstationary world in which only the relatively recent past has valid data.",These hypothetical worlds are used to forecast weather patterns.,1593
en,contradiction,"In the final chapter, I step beyond the central concern with autonomous agents to consider the universe itself.","In the final chapter, I only discuss how many licks it takes to get to the center of a Tootsie Roll Pop.",1597
en,neutral,"In the final chapter, I step beyond the central concern with autonomous agents to consider the universe itself.",In the last chapter I wonder how much the universe is responsible for the eccentricities of human behavior.,1598
en,entailment,"In the final chapter, I step beyond the central concern with autonomous agents to consider the universe itself.","In the last chapter, I considered the universe itself.",1599
en,entailment,"And, therefore, the state was not responsible for these private persons denying  social rights  to black citizens.",Some private persons denied social rights to black citizens.,1606
en,neutral,"And, therefore, the state was not responsible for these private persons denying  social rights  to black citizens.",The private persons were white.,1607
en,contradiction,"And, therefore, the state was not responsible for these private persons denying  social rights  to black citizens.",The state was entirely responsible for the behavior of the private persons.,1608
en,neutral,No difference exists between younger and older classmates in achievement test scores.,"While test results for young and older classmates are the same, younger classmates finish test faster",1609
en,entailment,No difference exists between younger and older classmates in achievement test scores.,Young and old classmates achieve same results in test scores.,1610
en,contradiction,No difference exists between younger and older classmates in achievement test scores.,Young and old classmates have different test results as age is a factor,1611
en,entailment,"In the postbellum legal order, the same result derived from federal constitutional principles.",Principles from the federal constitution are what caused the same result as the postbellum legal order.,1612
en,neutral,"In the postbellum legal order, the same result derived from federal constitutional principles.",The postbellum legal order ended in the same result due to Barbados' federal constitution principles.,1613
en,contradiction,"In the postbellum legal order, the same result derived from federal constitutional principles.",The prebellum legal order had much different results despite being derived from state constitution principles.,1614
en,neutral,Darwin starts with life already here.,Darwin started by focusing on fish.,1624
en,entailment,Darwin starts with life already here.,Darwin started with life that already existed.,1625
en,contradiction,Darwin starts with life already here.,Darwin was only focused on studying dead things.,1626
en,entailment,"The most common cause during toddlerhood and the preschool years is repeated otitis media, or middle ear infection.",Middle ear infection is the most common cause for toddlers.,1636
en,contradiction,"The most common cause during toddlerhood and the preschool years is repeated otitis media, or middle ear infection.",Otitis media is incredibly rare during a child's preschool years.,1637
en,neutral,"The most common cause during toddlerhood and the preschool years is repeated otitis media, or middle ear infection.",The majority of toddlers will get a middle ear infection.,1638
en,entailment,"When civil society turns a deaf ear, crazy ideas lose their edge.",Crazy ideas are less edgy when they are ignored by civil society.,1645
en,contradiction,"When civil society turns a deaf ear, crazy ideas lose their edge.",Crazy ideas become more popular with civil society when they are ignored by civil society.,1646
en,neutral,"When civil society turns a deaf ear, crazy ideas lose their edge.",Most crazy ideas are ignored by civil society.,1647
en,neutral,"McKim, much to his chagrin, not only lost but placed third behind Howard &amp; Cauldwell.",Howard and Cauldwell were women.,1654
en,contradiction,"McKim, much to his chagrin, not only lost but placed third behind Howard &amp; Cauldwell.",McKim was ecstatic because he finished first.,1655
en,entailment,"McKim, much to his chagrin, not only lost but placed third behind Howard &amp; Cauldwell.",McKim was humiliated because he finished third.,1656
en,neutral,"Indeed, part of what we need is a way of characterizing the organization of real processes in the nonequilibrium world.",We need labels so we can see where the organization is doing well.,1666
en,entailment,"Indeed, part of what we need is a way of characterizing the organization of real processes in the nonequilibrium world.",We need to label the organization.,1667
en,contradiction,"Indeed, part of what we need is a way of characterizing the organization of real processes in the nonequilibrium world.",We shouldn't label anything.,1668
en,entailment,"Consisting of a core of three or four males, with a few fringe members, a palomilla was an important socialization unit that provided a safe space for young men to joke and express themselves.",Palomillas allowed young men to express themselves.,1681
en,contradiction,"Consisting of a core of three or four males, with a few fringe members, a palomilla was an important socialization unit that provided a safe space for young men to joke and express themselves.",Palomillas consisted solely of several old women who told sad stories about frying pans.,1682
en,neutral,"Consisting of a core of three or four males, with a few fringe members, a palomilla was an important socialization unit that provided a safe space for young men to joke and express themselves.",Young men in palomillas told jokes about horses.,1683
en,neutral,But consider bread and butter.,Think about Wonder Bread and Challenge Butter.,1693
en,entailment,But consider bread and butter.,Think about bread and butter.,1694
en,contradiction,But consider bread and butter.,Think only about raisins and corn chips and nothing else.,1695
en,neutral,Two American ideas'protecting the flag and celebrating freedom of speech'would eventually come into focus as contradictory ways of being American.,Americans all treat the flag with respect.,1714
en,contradiction,Two American ideas'protecting the flag and celebrating freedom of speech'would eventually come into focus as contradictory ways of being American.,Americans hate the flag.,1715
en,entailment,Two American ideas'protecting the flag and celebrating freedom of speech'would eventually come into focus as contradictory ways of being American.,Americans want to protect the flag.,1716
en,neutral,Bato is a word centuries old that can be translated as  guy  or  dude.,Vato is the preferred spelling.,1720
en,entailment,Bato is a word centuries old that can be translated as  guy  or  dude.,Bato (or vato) is a Spanish word that means guy or dude.,1721
en,contradiction,Bato is a word centuries old that can be translated as  guy  or  dude.,Batos are lesbians.,1722
en,contradiction,We have beginning mathematical models that reveal something about this hierarchical organizationa=aalthough the best current models are curiously limited despite their brilliance.,Everything that can be learned about the organization has already been made known.,1729
en,entailment,We have beginning mathematical models that reveal something about this hierarchical organizationa=aalthough the best current models are curiously limited despite their brilliance.,The current models are brilliant but limited.,1730
en,neutral,We have beginning mathematical models that reveal something about this hierarchical organizationa=aalthough the best current models are curiously limited despite their brilliance.,There is much more to learn about the organization.,1731
en,entailment,"As the sand piles up, it eventually reaches the rest angle for sand and also extends to the boundaries of the table.",The sand gets up in a pile.,1732
en,contradiction,"As the sand piles up, it eventually reaches the rest angle for sand and also extends to the boundaries of the table.",The sand is always flat and smooth.,1733
en,neutral,"As the sand piles up, it eventually reaches the rest angle for sand and also extends to the boundaries of the table.",The sand is scooped by a bulldozer.,1734
en,neutral,"The biosphere has expanded, indeed, more or less persistently exploded, into the ever-expanding adjacent possible.",The biosphere grew 1000 mile.,1735
en,entailment,"The biosphere has expanded, indeed, more or less persistently exploded, into the ever-expanding adjacent possible.",The biosphere grew.,1736
en,contradiction,"The biosphere has expanded, indeed, more or less persistently exploded, into the ever-expanding adjacent possible.",The biosphere shrinks,1737
en,contradiction,"Strange, is it not, that we pay no attention to one of the most profound features of the world right smack in front of our collective nose?",We always pay attention to everything.,1744
en,entailment,"Strange, is it not, that we pay no attention to one of the most profound features of the world right smack in front of our collective nose?",We don't look at something so amazing?,1745
en,neutral,"Strange, is it not, that we pay no attention to one of the most profound features of the world right smack in front of our collective nose?",We don't look at that famous building?,1746
en,neutral,"Rational expectations grew, in part, out of an attempt to understand actual trading on stock exchanges.",More and more people started trading on online stock exchanges.,1747
en,contradiction,"Rational expectations grew, in part, out of an attempt to understand actual trading on stock exchanges.",No one was interested in actual trading on stock exchanges.,1748
en,entailment,"Rational expectations grew, in part, out of an attempt to understand actual trading on stock exchanges.",People were trying to learn about trading on stock exchanges.,1749
en,neutral,The relationship between rights and freedom is thus turned on its head.,You can't have rights without freedom.,1753
en,contradiction,The relationship between rights and freedom is thus turned on its head.,Rights and freedom aren't connected at all.,1754
en,entailment,The relationship between rights and freedom is thus turned on its head.,There is a relationship between your rights and freedom.,1755
en,neutral,"The audience is invisible; each viewer is in his little cubicle, called a living room.",The audience is hidden because of the cubicles.,1768
en,contradiction,"The audience is invisible; each viewer is in his little cubicle, called a living room.",You can see the audience.,1769
en,entailment,"The audience is invisible; each viewer is in his little cubicle, called a living room.",You cannot see the audience.,1770
en,entailment,The end of plantation capitalism might have come as safely as the demise of communism in Europe.,Plantation capitalism has ended.,1777
en,neutral,The end of plantation capitalism might have come as safely as the demise of communism in Europe.,Plantation capitalism is wrong.,1778
en,contradiction,The end of plantation capitalism might have come as safely as the demise of communism in Europe.,There was no end to communism in Europe.,1779
en,contradiction,I begin life with an endowment of a hundred pears and a thousand apples.,I have more pears than apples.,1780
en,entailment,I begin life with an endowment of a hundred pears and a thousand apples.,I have something to eat.,1781
en,neutral,I begin life with an endowment of a hundred pears and a thousand apples.,The fruit was given to me by my father.,1782
en,neutral,Your heart happened to be preadapted to pick up earthquake pretremors.,Earthquake pretremors can be felt by everyone.,1792
en,entailment,Your heart happened to be preadapted to pick up earthquake pretremors.,Earthquakes have pretremors.,1793
en,contradiction,Your heart happened to be preadapted to pick up earthquake pretremors.,Your heart cannot pick up earthquake pretremors.,1794
en,neutral,"Diego followed her instructions and at the top of the hill he found beautiful roses of Castile, still covered with dew.",Diego did not really want to follow her instructions.,1801
en,contradiction,"Diego followed her instructions and at the top of the hill he found beautiful roses of Castile, still covered with dew.",Diego refused to do what she said.,1802
en,entailment,"Diego followed her instructions and at the top of the hill he found beautiful roses of Castile, still covered with dew.",There were roses on top of the hill.,1803
en,contradiction,"The southwestern region with the most researched and documented wedding customs is New Mexico, because the descendents of the early Hispanos have been conscious of describing and writing down their traditions.",No records remain of the traditions of the early Hispanos.,1807
en,neutral,"The southwestern region with the most researched and documented wedding customs is New Mexico, because the descendents of the early Hispanos have been conscious of describing and writing down their traditions.",The descendants of the early Hispanos wrote using quills.,1808
en,entailment,"The southwestern region with the most researched and documented wedding customs is New Mexico, because the descendents of the early Hispanos have been conscious of describing and writing down their traditions.",There is evidence that the descendants of the early Hispanos could write.,1809
en,contradiction,"Today the term barbacoa is used only to mean the cooking of meat in a pit, also called pit cooking.",The term barbacoa is used to mean roasting vegetables in the oven.,1813
en,neutral,"Today the term barbacoa is used only to mean the cooking of meat in a pit, also called pit cooking.",The term barbacoa was first used in ancient Egypt.,1814
en,entailment,"Today the term barbacoa is used only to mean the cooking of meat in a pit, also called pit cooking.",There are at least two terms that mean cooking of meat in a pit.,1815
en,neutral,"And yet, today the common assumption is that our officials may be trusted with a precise racial and ethnic map of the American nation.",The assumption that officials have racial and ethnic maps is untrue.,1819
en,entailment,"And yet, today the common assumption is that our officials may be trusted with a precise racial and ethnic map of the American nation.",There is a common assumption about our officials.,1820
en,contradiction,"And yet, today the common assumption is that our officials may be trusted with a precise racial and ethnic map of the American nation.",There is no common assumption today.,1821
en,neutral,"For the community of nations, so recognized, equality'let us, say, with regard to voting rights in the General Assembly of the United Nations'becomes a norm readily enforced.",Each nation has a right to vote.,1825
en,contradiction,"For the community of nations, so recognized, equality'let us, say, with regard to voting rights in the General Assembly of the United Nations'becomes a norm readily enforced.",There are no voting rights.,1826
en,entailment,"For the community of nations, so recognized, equality'let us, say, with regard to voting rights in the General Assembly of the United Nations'becomes a norm readily enforced.",There are voting rights.,1827
en,neutral,The problem of exploitation in apparently voluntary sexual relations has long been with us.,The problem of exploitation is getting better.,1843
en,entailment,The problem of exploitation in apparently voluntary sexual relations has long been with us.,There can be exploitation in sexual relations that are apparently voluntary.,1844
en,contradiction,The problem of exploitation in apparently voluntary sexual relations has long been with us.,There is no exploitation in sexual relations that are voluntary.,1845
en,contradiction,While this is being done prayers are recited.,No one prays.,1849
en,entailment,While this is being done prayers are recited.,Other things happen while prayers are said.,1850
en,neutral,While this is being done prayers are recited.,Prayers are recited while clothes are washed.,1851
en,contradiction,The vaquero or buckaroo is a westerner and the cowboy is a southerner.,The cowboy is a northern guy.,1858
en,entailment,The vaquero or buckaroo is a westerner and the cowboy is a southerner.,The cowboy is from the south.,1859
en,neutral,The vaquero or buckaroo is a westerner and the cowboy is a southerner.,The cowboy is from the southern US.,1860
en,entailment,"Members of car clubs are referred to as  clubbers,  and they compete for trophies, ride in car caravans, and often participate in fund-raising events.",Members of car clubs do competitions.,1867
en,contradiction,"Members of car clubs are referred to as  clubbers,  and they compete for trophies, ride in car caravans, and often participate in fund-raising events.",Members of car clubs do not ride.,1868
en,neutral,"Members of car clubs are referred to as  clubbers,  and they compete for trophies, ride in car caravans, and often participate in fund-raising events.",Members of car clubs sell cars.,1869
en,contradiction,"During the preschool and elementary school years, thought is largely tied to the here-and-now.",Preschool and elementary aged children often dream about the future.,1870
