translated_sentence1	translated_sentence2	pairID
Well, I was not thinking about it, but I was so frustrated and I started talking to him again.	I haven’t talked to him again.	4
Well, I was not thinking about it, but I was so frustrated and I started talking to him again.	I was so annoying that I started talking to him again.	5
Well, I was not thinking about it, but I was so frustrated and I started talking to him again.	We had a great conversation.	6
And I thought it was a privilege, and it’s still, it’s still, I was the only 922 Ex-O that was in my AFFC race field of the Air Force.	I didn’t know that he was not the only person in the field that day.	7
And I thought it was a privilege, and it’s still, it’s still, I was the only 922 Ex-O that was in my AFFC race field of the Air Force.	He had the impression that he was the only one with that number in the AFFC Air Force Career field.	8
And I thought it was a privilege, and it’s still, it’s still, I was the only 922 Ex-O that was in my AFFC race field of the Air Force.	All of us were given the same exact number, regardless of the privileges they promised to be granted to us, everything was a lie.	9
They told me, this... that a guy would call me at the end to see us.	They never told me anything about meeting someone.	10
They told me, this... that a guy would call me at the end to see us.	They told me they would call a guy to get to know me.	11
They told me, this... that a guy would call me at the end to see us.	The guy appeared a little late.	12
There’s so much that can be said about that, that I’m just going to jump that.	I want to tell you everything I know about it!	13
There’s so much that can be said about that, that I’m just going to jump that.	I’m not going to talk about it, though there’s a lot to cover.	14
There’s so much that can be said about that, that I’m just going to jump that.	I’m not going to talk about the history of the city because there’s a lot to say.	15
That was the most important thing we wanted to save, since there was no way to launch a hydrogen pump from about 30, a C124.	We didn’t care to keep anything.	19
That was the most important thing we wanted to save, since there was no way to launch a hydrogen pump from about 30, a C124.	We wanted to save one thing more than the rest.	20
That was the most important thing we wanted to save, since there was no way to launch a hydrogen pump from about 30, a C124.	We wanted to save the H-bump because it was very difficult to handle.	21
So I am not very clear why.	I am sure the reason for which.	28
So I am not very clear why.	I don’t know why he moved the schools.	29
So I am not very clear why.	I don’t know why that happened.	30
He grew up in Ag-- Augusta, GA, and will talk about some stories of his childhood.	Fannie Flono had to reprogram and can't tell us any story today.	34
He grew up in Ag-- Augusta, GA, and will talk about some stories of his childhood.	Fannie Flono is here and will tell us about her childhood stories when she grew up in Augusta, GA.	35
He grew up in Ag-- Augusta, GA, and will talk about some stories of his childhood.	Fannie Flono was able to talk to us today despite his tight agenda.	36
And he had thrown five U2 outcomes.	I have dealt with the U2.	40
And he had thrown five U2 outcomes.	I didn’t get to the U2 at all.	41
And he had thrown five U2 outcomes.	I worked with the U2 outlets every day for forty years.	42
I was the only one ever running regulators for the test on miniature height cameras.	I didn’t like to be the only one to run the regulators for the tests.	43
I was the only one ever running regulators for the test on miniature height cameras.	The tests were carried out on miniature height cameras.	44
I was the only one ever running regulators for the test on miniature height cameras.	There were some of us who directed the regulators for the test.	45
I am, this, the sergent chief master, retired, as Rick said.	I am still working for this day.	46
I am, this, the sergent chief master, retired, as Rick said.	I retired in 2002.	47
I am, this, the sergent chief master, retired, as Rick said.	Rick told you he was withdrawn.	48
There are some projections of the box flow and, uh, eh, it’s for that and what Cutty, the customer’s name.	The customer called Cutty earns $10,000 a month.	52
There are some projections of the box flow and, uh, eh, it’s for that and what Cutty, the customer’s name.	There is a client named Cutty.	53
There are some projections of the box flow and, uh, eh, it’s for that and what Cutty, the customer’s name.	We don’t have customers called Cutty.	54
The girl who can help me is on the other edge of the city.	The girl I need help lives far away.	55
The girl who can help me is on the other edge of the city.	The girl who will help me is 5 miles away.	56
The girl who can help me is on the other edge of the city.	There is no one who can help me.	57
But they were divided about who the hands of the countryside and who the children of the house were.	Everyone agreed that everyone would work in the field.	61
But they were divided about who the hands of the countryside and who the children of the house were.	They could not agree on who was a field hand and who belonged to the house.	62
But they were divided about who the hands of the countryside and who the children of the house were.	They could not agree with who should work on the cotton field and who should fregate the floors.	63
Today we will talk about the Third SS, the U2 Quick and the Blackbird.	He decided not to speak anymore.	67
Today we will talk about the Third SS, the U2 Quick and the Blackbird.	He talks about three different submarines.	68
Today we will talk about the Third SS, the U2 Quick and the Blackbird.	He talks about three things.	69
I mean they only had, something like, five children, one of them died.	All his children survived.	70
I mean they only had, something like, five children, one of them died.	A child died of five.	71
I mean they only had, something like, five children, one of them died.	The child who died was born with health problems.	72
And, of course, Androv Gromikov did not respond to anything, but we had all the information about the films made by the U2.	The U2 took a lot of movie.	73
And, of course, Androv Gromikov did not respond to anything, but we had all the information about the films made by the U2.	The U2 took a ton of film under the water.	74
And, of course, Androv Gromikov did not respond to anything, but we had all the information about the films made by the U2.	We didn’t have any file material, so we had to guess.	75
He said that tears fell from his eyes, and then he said that Joe went to the porch.	When he told him to go to the porch, he had tears in his eyes.	76
He said that tears fell from his eyes, and then he said that Joe went to the porch.	She quickly drowned her tears after throwing Joe out of the porch.	77
He said that tears fell from his eyes, and then he said that Joe went to the porch.	I was so happy to see Joe that he began to cry.	78
Even if the aircraft was in flames, why would it burn and die if it has a lead component for radiation to be filtered?	Radiation can also be contained during a fire.	79
Even if the aircraft was in flames, why would it burn and die if it has a lead component for radiation to be filtered?	The radiation would be filtered from a main component after the plane burns.	80
Even if the aircraft was in flames, why would it burn and die if it has a lead component for radiation to be filtered?	The radiation would not be filtered during a fire.	81
This is the Sergeant Chief Master Clem Francis, retired from the U.S. Air Force.	He is withdrawn from the U.S. Air Force.	88
This is the Sergeant Chief Master Clem Francis, retired from the U.S. Air Force.	The head recently retired a few weeks ago.	89
This is the Sergeant Chief Master Clem Francis, retired from the U.S. Air Force.	The head of the U.S. Air Force has just started his career this week.	90
Well, it came to the point that there are two or three aircraft coming in a week and I didn’t know where they were flying.	More than one aircraft arrives every week.	91
Well, it came to the point that there are two or three aircraft coming in a week and I didn’t know where they were flying.	The increase in air traffic is problematic.	92
Well, it came to the point that there are two or three aircraft coming in a week and I didn’t know where they were flying.	No aircraft ever arrived.	93
They had already had their training on presurized clothes and I had spent some time putting me a presurized dress.	It takes three months to complete the training in the use of a pressure costume.	94
They had already had their training on presurized clothes and I had spent some time putting me a presurized dress.	Training to wear a pressure dress takes time.	95
They had already had their training on presurized clothes and I had spent some time putting me a presurized dress.	We might have trained you to wear a full pressure dress for the end of the day.	96
I want to say there was no danger of entering the bomb because it would not explode, regardless of how hard it touched the ground.	The bomb was disabled by the pilot.	106
I want to say there was no danger of entering the bomb because it would not explode, regardless of how hard it touched the ground.	The bomb was unable to explode.	107
I want to say there was no danger of entering the bomb because it would not explode, regardless of how hard it touched the ground.	There was a great danger that the bomb would explode.	108
And what if it looks exactly like what I’m trying to do.	I am not sure how this seems to you.	109
And what if it looks exactly like what I’m trying to do.	Obviously, I’m trying to do it.	110
And what if it looks exactly like what I’m trying to do.	I'm trying to finish my project next week.	111
But in the same way, the animals would be lost all the time, especially the cows.	The sheep escaped from the grass every day.	112
But in the same way, the animals would be lost all the time, especially the cows.	The sheep often escaped.	113
But in the same way, the animals would be lost all the time, especially the cows.	The cows were safe and safe.	114
When we entered, the doors were closed.	All the doors were open.	118
When we entered, the doors were closed.	We had the keys with us.	119
When we entered, the doors were closed.	We entered even though the doors were closed.	120
So I just had to catch the totals and try and solve it like that.	I am sure that the total is all I need to solve this.	127
So I just had to catch the totals and try and solve it like that.	I don’t have the least idea of what to do only with the totals. Please give me more details to dissolve this entourage.	128
So I just had to catch the totals and try and solve it like that.	I will calculate it based on the total.	129
He came, opened the door and I remember looking back and seeing the expression of his face, and I could see that he was disappointed.	He was so excited and full of joy that he practically hit the door of the frame.	130
He came, opened the door and I remember looking back and seeing the expression of his face, and I could see that he was disappointed.	He tried not to make us feel guilty, but we knew we had caused him problems.	131
He came, opened the door and I remember looking back and seeing the expression of his face, and I could see that he was disappointed.	Just by looking in his face when he entered the door I knew he was disappointed.	132
So I don’t have any concrete story.	I don’t have a particular store.	133
So I don’t have any concrete story.	I have a specific store.	134
So I don’t have any concrete story.	There are many stores.	135
He never had to do anything for himself.	He gets a lot of help.	142
He never had to do anything for himself.	He gets help with his meals and clothes.	143
He never had to do anything for himself.	He is very independent.	144
So I thought, my God, and Ramona was there.	Ramona was on the ground curved in a fetal position.	148
So I thought, my God, and Ramona was there.	Ramona was judging me in silence.	149
So I thought, my God, and Ramona was there.	Ramona kept up while I stayed there boquiopened.	150
It was really light!	He ate a lot of food, but he didn’t gain weight.	154
It was really light!	She didn’t weigh much.	155
It was really light!	She was very happy.	156
I don’t know if he was in August after that.	He continued to live in Augusta even after the attacks.	163
I don’t know if he was in August after that.	He lived in Augusta.	164
I don’t know if he was in August after that.	He moved out of Augustus immediately.	165
Everything we did... they never told us where they were going, not even when they came out of the base to go somewhere where they stayed some time.	I never asked where they were going.	166
Everything we did... they never told us where they were going, not even when they came out of the base to go somewhere where they stayed some time.	They always let us know where they were and where they were going.	167
Everything we did... they never told us where they were going, not even when they came out of the base to go somewhere where they stayed some time.	They never told us where they were going.	168
They said: We are paying for a place for you to stay.	They will not pay anything for us.	175
They said: We are paying for a place for you to stay.	They are paying for the housing for me and my brothers.	176
They said: We are paying for a place for you to stay.	They are paying for the housing.	177
Well, the next day, of course, President Kennedy, mm..., blocked Cuba and, mm..., our ships stopped a Russian ship that was headed outside of Cuba and found missiles.	Kennedy told our troops to look for missiles.	178
Well, the next day, of course, President Kennedy, mm..., blocked Cuba and, mm..., our ships stopped a Russian ship that was headed outside of Cuba and found missiles.	They didn’t stop any boats because they didn’t want conflict.	179
Well, the next day, of course, President Kennedy, mm..., blocked Cuba and, mm..., our ships stopped a Russian ship that was headed outside of Cuba and found missiles.	20 missiles were found on the ship.	180
In any case, the man enters.	The man entered the court room.	181
In any case, the man enters.	The man entered the room.	182
In any case, the man enters.	The man ran to the opposite side.	183
Mmm..., my grandparents were always very, very loving people and sometimes they were my parents and simply we passed it very well there below.	It took me a long time to drive to my grandparents' house.	184
Mmm..., my grandparents were always very, very loving people and sometimes they were my parents and simply we passed it very well there below.	My grandparents were a very loving couple.	185
Mmm..., my grandparents were always very, very loving people and sometimes they were my parents and simply we passed it very well there below.	My grandparents were always very manic and I never liked going to their house.	186
I didn’t have time to deal with anything.	I could have finished entering it later.	196
I didn’t have time to deal with anything.	I put it all in time.	197
I didn’t have time to deal with anything.	I had no time to enter it all.	198
And, one of my work at that time was to train people to put falls on a nuclear weapons shooter, which detonates the atomic bomb itself.	The atomic bomb has no catch.	199
And, one of my work at that time was to train people to put falls on a nuclear weapons shooter, which detonates the atomic bomb itself.	The detonator detonates the bomb when it is thrown out of it.	200
And, one of my work at that time was to train people to put falls on a nuclear weapons shooter, which detonates the atomic bomb itself.	You just need a bit of strength to throw out of the atomic bomb.	201
My grandmother used to tell me many different stories about her childhood years and, especially, used to talk about her family and how life was at that time.	I always listening to my grandmother’s stories.	202
My grandmother used to tell me many different stories about her childhood years and, especially, used to talk about her family and how life was at that time.	My grandmother always refused to talk about her childhood.	203
My grandmother used to tell me many different stories about her childhood years and, especially, used to talk about her family and how life was at that time.	My grandmother told me a lot of her family when she was small.	204
We had full pressure clothes on the plane, such as those used by the astronauts, except that our was completely plateated, plateated, with boat and everything, to reflect the heat, of course.	Our clothes were in no way similar to what the astronauts had.	205
We had full pressure clothes on the plane, such as those used by the astronauts, except that our was completely plateated, plateated, with boat and everything, to reflect the heat, of course.	Our clothes were the same as those of the astronauts, except to reflect the heat, our clothes were plateated.	206
We had full pressure clothes on the plane, such as those used by the astronauts, except that our was completely plateated, plateated, with boat and everything, to reflect the heat, of course.	You can get the clothes in any color you want.	207
And it was, my grandfather was not a good man.	My grandfather was a fool.	208
And it was, my grandfather was not a good man.	My grandfather was really racist and evil.	209
And it was, my grandfather was not a good man.	My grandfather was the most pleasant person you’ll ever find!	210
They are 30 or 40 U2 aircraft, and we had begun to train Chinese pilots, British pilots with them, just all over the world with which we were allies.	We had no training with anyone.	211
They are 30 or 40 U2 aircraft, and we had begun to train Chinese pilots, British pilots with them, just all over the world with which we were allies.	We trained for 5 weeks with the British.	212
They are 30 or 40 U2 aircraft, and we had begun to train Chinese pilots, British pilots with them, just all over the world with which we were allies.	We trained with many other soldiers.	213
So, says Good Search, look for this in this and this company.	She didn’t talk to me.	214
So, says Good Search, look for this in this and this company.	He told me he was looking for something.	215
So, says Good Search, look for this in this and this company.	She told me to look for her financial information.	216
He said they had climbed to the north.	He said he made a few stops on the road.	217
He said they had climbed to the north.	He said they went down to the south.	218
He said they had climbed to the north.	He said they went to the north.	219
Hum, no, to be honest, I never read any of the books I supposedly had to read.	I have not read a book that has more than 100 pages.	235
Hum, no, to be honest, I never read any of the books I supposedly had to read.	I haven’t read a lot of books.	236
Hum, no, to be honest, I never read any of the books I supposedly had to read.	I read books every day.	237
I continued and picked up my luggage and went to the direction I supposedly needed.	I left the pocket and thought it wasn’t my problem.	238
I continued and picked up my luggage and went to the direction I supposedly needed.	I brought the bag to his office.	239
I continued and picked up my luggage and went to the direction I supposedly needed.	I brought the bag to where I belonged.	240
It was an incredible change in humor.	His mood remained completely consistent.	241
It was an incredible change in humor.	It passed from happy to sad.	242
It was an incredible change in humor.	The mood has changed a lot.	243
I’ve been chosen among 15 people to go to that school, and I’m not going, I’m not going.	I was not chosen to attend the school.	244
I’ve been chosen among 15 people to go to that school, and I’m not going, I’m not going.	I was chosen to go to that school.	245
I’ve been chosen among 15 people to go to that school, and I’m not going, I’m not going.	I was the most credible candidate.	246
They have to cross a series of height cameras, eh, walks before they even start flying in U2 or flying with pressure clothes.	Most people fail to test exams and never manage to fly U2.	247
They have to cross a series of height cameras, eh, walks before they even start flying in U2 or flying with pressure clothes.	They have to go through a lot of training before flying a U2.	248
They have to cross a series of height cameras, eh, walks before they even start flying in U2 or flying with pressure clothes.	You only let U2 fly on the first day.	249
I am taking care of the same thing.	Completely cover the new material.	253
I am taking care of the same thing.	I’m doing the same things as the other magazines.	254
I am taking care of the same thing.	I’m talking about the same things as you.	255
This was the first time that, that had happened in 75 years, the Texas legislature had voted a military unit being Texas Ambassadors, therefore, needed Texas Ambassadors.	Military units cannot be TX ambassadors.	256
This was the first time that, that had happened in 75 years, the Texas legislature had voted a military unit being Texas Ambassadors, therefore, needed Texas Ambassadors.	The military unit was named Texas Ambassadors at the U.S. Congress.	257
This was the first time that, that had happened in 75 years, the Texas legislature had voted a military unit being Texas Ambassadors, therefore, needed Texas Ambassadors.	The military unit was called Ambassadors TX.	258
If there was something I could do.	I could do something.	259
If there was something I could do.	I knew there was nothing I could do.	260
If there was something I could do.	I think I could have done something to save him.	261
She hated that, and she used to tell her sister every day, she said that, that you’re doing it wrong.	She always encouraged her sister.	262
She hated that, and she used to tell her sister every day, she said that, that you’re doing it wrong.	She made it clear that her sister couldn’t do anything well.	263
She hated that, and she used to tell her sister every day, she said that, that you’re doing it wrong.	She was very critical with her sister.	264
So I went to his house and then called this number to which it was supposed to call when I arrived there.	I took his phone borrowed to make the call.	268
So I went to his house and then called this number to which it was supposed to call when I arrived there.	I called the number when I got home.	269
So I went to his house and then called this number to which it was supposed to call when I arrived there.	I was supposed to call, but I did not.	270
Well, because I come there this morning and, oh, I forget how... I think I asked a question, or he entered, or I know what.	I haven’t gone today, so I haven’t seen it.	271
Well, because I come there this morning and, oh, I forget how... I think I asked a question, or he entered, or I know what.	I presented myself in the gym today and he came later and greeted me.	272
Well, because I come there this morning and, oh, I forget how... I think I asked a question, or he entered, or I know what.	I presented myself this morning and he came too.	273
We didn’t know where they were going.	We didn’t know where the group was traveling in the Interstate.	274
We didn’t know where they were going.	We didn’t know where people were traveling.	275
We didn’t know where they were going.	We knew where they were going.	276
But I was like, forgot it, I’m going to eat lunch.	I had no appetite at all.	277
But I was like, forgot it, I’m going to eat lunch.	I was hungry, so I decided to eat my lunch.	278
But I was like, forgot it, I’m going to eat lunch.	I was hungry, so I went to the coffee shop.	279
So let me tell you that today I’ve reached the point where I was about to give up.	I almost resigned.	283
So let me tell you that today I’ve reached the point where I was about to give up.	I had so much pain that I could not bear it anymore.	284
So let me tell you that today I’ve reached the point where I was about to give up.	I never thought I had to give up.	285
He was born in a thousand eight hundred eighty and something, he could have been in 1888 or 1889.	He was born before 1900.	292
He was born in a thousand eight hundred eighty and something, he could have been in 1888 or 1889.	He was born in December 1880.	293
He was born in a thousand eight hundred eighty and something, he could have been in 1888 or 1889.	He was not born until 1984.	294
It will be better to lower the small turtle a little because you could hurt a person’s lungs easily.	It can damage someone’s lungs.	295
It will be better to lower the small turtle a little because you could hurt a person’s lungs easily.	The turtle is not in danger, so press it as much as you want.	296
It will be better to lower the small turtle a little because you could hurt a person’s lungs easily.	The turtle enters the trachea and can damage the lungs.	297
I received orders to go to Del Rio, TX, so when I arrived there, well, I learned that I had to go to the Laughlin Air Force base.	I was sent to Del Rio, Texas to work.	298
I received orders to go to Del Rio, TX, so when I arrived there, well, I learned that I had to go to the Laughlin Air Force base.	I’ve never been to Texas.	299
I received orders to go to Del Rio, TX, so when I arrived there, well, I learned that I had to go to the Laughlin Air Force base.	The air force sent me to Del Rio, TX in 2001.	300
Everyone serves champagne, but not everyone ends what serves; what remains in the cups the children drink, so we were there, turning and drinking all that champagne.	The children drank three bottles of champagne.	301
Everyone serves champagne, but not everyone ends what serves; what remains in the cups the children drink, so we were there, turning and drinking all that champagne.	The kids drank a little champagne.	302
Everyone serves champagne, but not everyone ends what serves; what remains in the cups the children drink, so we were there, turning and drinking all that champagne.	The whole party was dry and no alcohol was served.	303
There are many stories in the naked city.	I have not heard any story.	304
There are many stories in the naked city.	There are many stories about the military.	305
There are many stories in the naked city.	There are many stories that are told.	306
You live and learn, you know, when you try, eh, aircraft.	I don’t know anything about flying.	307
You live and learn, you know, when you try, eh, aircraft.	Testing aircraft teaches you a lot of things.	308
You live and learn, you know, when you try, eh, aircraft.	Testing on aircraft teaches you how to manage pressure.	309
I mean that was the full point.	I don’t understand the point.	310
I mean that was the full point.	I think the point was to tell us how dangerous it was.	311
I mean that was the full point.	I understood the point.	312
It was from an air base that passed over Cuba, and of course they destroyed Rudolph Anderson.	All the aircraft survived without being shot.	313
It was from an air base that passed over Cuba, and of course they destroyed Rudolph Anderson.	Something was destroyed in Cuba.	314
It was from an air base that passed over Cuba, and of course they destroyed Rudolph Anderson.	The massive plane was crashed over Cuba in May.	315
It’s probably the first thing I remember when I was a small child, especially when I had done something bad.	I really don’t remember anything from my childhood.	319
It’s probably the first thing I remember when I was a small child, especially when I had done something bad.	I still feel bad today.	320
It’s probably the first thing I remember when I was a small child, especially when I had done something bad.	It was one of my first memories.	321
They just didn’t like what it was to be black in those days, and that was, you know, I suppose, that was probably, you know, in the early 1930s, when they did it.	It was hard to be black in the south.	322
They just didn’t like what it was to be black in those days, and that was, you know, I suppose, that was probably, you know, in the early 1930s, when they did it.	It was so easy to be black.	323
They just didn’t like what it was to be black in those days, and that was, you know, I suppose, that was probably, you know, in the early 1930s, when they did it.	It was hard to be black at that time.	324
No one knew where they were going.	Everyone knew exactly where they were going.	331
No one knew where they were going.	No one knew what house they were going to.	332
No one knew where they were going.	His fate was a secret.	333
And they couldn’t stay in the area of Augusta because people knew they had tried to do something that was really taboo and try to pass for white.	People didn’t even know they were not white.	334
And they couldn’t stay in the area of Augusta because people knew they had tried to do something that was really taboo and try to pass for white.	People knew they were African Americans.	335
And they couldn’t stay in the area of Augusta because people knew they had tried to do something that was really taboo and try to pass for white.	People knew they were not white.	336
Well, the boy is here.	The boy is present.	337
Well, the boy is here.	The guy just appeared 2 minutes ago.	338
Well, the boy is here.	The guy never came here.	339
I was watching something on television.	We didn’t have television.	340
I was watching something on television.	We were watching television.	341
I was watching something on television.	We were watching the news on television.	342
So I think I’ll talk to Ramona again.	I have never talked to Ramona.	343
So I think I’ll talk to Ramona again.	I talked to Ramona again.	344
So I think I’ll talk to Ramona again.	It was a pleasant conversation.	345
It was the only low of the Cuban Crisis and, eh, Kaiser, eh, made with the images and flighted directly to Andrews Air Force in Washington.	10,000 people died in the Cuban crisis.	352
It was the only low of the Cuban Crisis and, eh, Kaiser, eh, made with the images and flighted directly to Andrews Air Force in Washington.	Only one person died in the Cuban crisis.	353
It was the only low of the Cuban Crisis and, eh, Kaiser, eh, made with the images and flighted directly to Andrews Air Force in Washington.	Only one person died in an accident in the Cuban Crisis.	354
Hum and she said... said... said... love, said, you don’t understand life the way I understand life.	She said she had no idea.	355
Hum and she said... said... said... love, said, you don’t understand life the way I understand life.	She said she knew more about life.	356
Hum and she said... said... said... love, said, you don’t understand life the way I understand life.	He told me that I had no idea how the real world works and that I should follow it.	357
Then I put it and stay like, great. what do I do with it?	I don’t know how it was supposed to use the artillugio.	358
Then I put it and stay like, great. what do I do with it?	I don’t know why I should use it.	359
Then I put it and stay like, great. what do I do with it?	I knew exactly why to use it.	360
Give me just a little, if you want to cut it, I, hum, go.	I am ready to go right now.	367
Give me just a little, if you want to cut it, I, hum, go.	I need a minute here.	368
Give me just a little, if you want to cut it, I, hum, go.	It takes me a minute to pick up my thoughts.	369
So I went to Washington D.C. and didn’t go directly where I was told in my orders.	I’ve never been in Washington D.C.	370
So I went to Washington D.C. and didn’t go directly where I was told in my orders.	I went to D.C. to see my supervisor.	371
So I went to Washington D.C. and didn’t go directly where I was told in my orders.	I went to the capital of the nation.	372
He was a black man with clear skin.	She had an incredibly dark skin.	376
He was a black man with clear skin.	She had a clear skin to be African-American.	377
He was a black man with clear skin.	She was lighter than the rest of her black friends.	378
Anyway, dad goes and makes a good large glass of milk with chocolate for me.	My dad gave me a little milk with chocolate from the refrigerator.	379
Anyway, dad goes and makes a good large glass of milk with chocolate for me.	My dad served me a glass of milk.	380
Anyway, dad goes and makes a good large glass of milk with chocolate for me.	My father said I was not allowed to drink a drink.	381
The DOT had to buy the property and so on.	The Department of Transport could find a different property to rent in its place.	382
The DOT had to buy the property and so on.	The property and equipment were purchased by the DOT.	383
The DOT had to buy the property and so on.	The DOT cost him more than $3 million to buy the property.	384
He would have been born.	It was expected to be born in December 2010.	391
He would have been born.	It was supposed to have been born.	392
He would have been born.	He was supposed not to have been born.	393
I’m like, I know how far I’ve come.	I told them I didn’t know what I was doing.	397
I’m like, I know how far I’ve come.	I told them I knew I had exceeded their expectations by 40%.	398
I’m like, I know how far I’ve come.	I said I know what I’ve achieved.	399
Well, can you hear me?	Can you hear me right now?	400
Well, can you hear me?	Can you hear what I am saying?	401
Well, can you hear me?	I know you can’t hear me.	402
You said you don’t remember reading anything in particular, but when you were old at school, was there no book that you liked or hated?	Do you like Harry Potter books or not?	409
You said you don’t remember reading anything in particular, but when you were old at school, was there no book that you liked or hated?	Do you like or hate some books?	410
You said you don’t remember reading anything in particular, but when you were old at school, was there no book that you liked or hated?	I know you loved all the books you read.	411
It's a small helix that broke an injection, but the pilot's breathing pressure tube and the contraception.	It affects the pressure.	415
It's a small helix that broke an injection, but the pilot's breathing pressure tube and the contraception.	The turtle is small and flat.	416
It's a small helix that broke an injection, but the pilot's breathing pressure tube and the contraception.	There are no buttons, only buttons.	417
She says, don’t worry, you know, take your time.	She told me I had to rush.	418
She says, don’t worry, you know, take your time.	He told me that nothing would happen if it took hours to do it.	419
She says, don’t worry, you know, take your time.	He told me it was slower.	420
President Kennedy tells the pilots, he says, 'Cavallers, make good photos.'	Kennedy did not recognize them.	421
President Kennedy tells the pilots, he says, 'Cavallers, make good photos.'	Kennedy talked to the Air Force pilots.	422
President Kennedy tells the pilots, he says, 'Cavallers, make good photos.'	Kennedy talked to the pilots.	423
And I felt like, I’m almost finished.	I said it would end in 10 minutes.	424
And I felt like, I’m almost finished.	I said it would never end.	425
And I felt like, I’m almost finished.	I said it was almost over.	426
I tried to note everything.	I was dedicated to taking note of things.	427
I tried to note everything.	I didn’t bother to write anything.	428
I tried to note everything.	I wrote every work he said.	429
No, she was born in 1900 because she was 16 years old, and must have been like in 1926.19, you know, before 1930.	He was born on January 1, 1900.	430
No, she was born in 1900 because she was 16 years old, and must have been like in 1926.19, you know, before 1930.	She was born at the beginning of the century.	431
No, she was born in 1900 because she was 16 years old, and must have been like in 1926.19, you know, before 1930.	She was not born until 1943.	432
Then it was very interesting.	I was very interested in knowing how much I could eat.	436
Then it was very interesting.	I was not interested at all.	437
Then it was very interesting.	I found it interested.	438
His sister could pass for white, and in fact passed for white.	Her sister had the most beautiful skin of all in the neighborhood.	439
His sister could pass for white, and in fact passed for white.	It was usually supposed that his sister was white.	440
His sister could pass for white, and in fact passed for white.	The sister Sher was very lucky.	441
Well, he was almost old enough to be his father.	She was 27 years older than her.	442
Well, he was almost old enough to be his father.	He was much younger than her.	443
Well, he was almost old enough to be his father.	He was older than her.	444
That, I was the only 922 who was a man of vital support, the other man was a physiological support.	No one gave any kind of support.	445
That, I was the only 922 who was a man of vital support, the other man was a physiological support.	A man provided physiological support to the troops.	446
That, I was the only 922 who was a man of vital support, the other man was a physiological support.	A man gave physiological support.	447
And here I’m thinking it’s going to come in plan, you know, to get it with me, you know, regain me as if I could have changed it.	I knew he would not come here at all.	448
And here I’m thinking it’s going to come in plan, you know, to get it with me, you know, regain me as if I could have changed it.	I thought I was coming to fight.	449
And here I’m thinking it’s going to come in plan, you know, to get it with me, you know, regain me as if I could have changed it.	I thought he was going to complain of my tone.	450
Well, of course, it is not necessary to say that we could not make a mistake.	It’s good if we make some mistakes.	451
Well, of course, it is not necessary to say that we could not make a mistake.	We were not allowed to make any mistakes.	452
Well, of course, it is not necessary to say that we could not make a mistake.	We were not allowed to delete anything incorrectly.	453
And, oh, but, oh, I would think, at night I couldn’t sleep.	I had trouble sleeping at night.	454
And, oh, but, oh, I would think, at night I couldn’t sleep.	I still had nightmares that prevented me from sleeping.	455
And, oh, but, oh, I would think, at night I couldn’t sleep.	I sleep like a baby at night.	456
One thing she really had as a great defense.	She could defend herself against wild dogs.	457
One thing she really had as a great defense.	She could defend herself well.	458
One thing she really had as a great defense.	She was incredibly vulnerable.	459
One, which has never been said--	He told him everything he needed to know.	460
One, which has never been said--	They didn’t tell me anything about the security protocol.	461
One, which has never been said--	Sometimes they don’t tell me.	462
So we live in this area.	Our house was here.	463
So we live in this area.	Our house was far from this place.	464
So we live in this area.	Our house is two apples.	465
And he’s talking very quickly, he’s talking by phone.	He is speaking as slow as he can.	466
And he’s talking very quickly, he’s talking by phone.	It is about an iPhone.	467
And he’s talking very quickly, he’s talking by phone.	He is talking about the mobile.	468
I can't remember what it was, but suddenly I got very nervous thinking I'd go to school for the first time and probably this was the most stressful day in my life.	I was very relaxed about starting school.	469
I can't remember what it was, but suddenly I got very nervous thinking I'd go to school for the first time and probably this was the most stressful day in my life.	I was worried about going to school.	470
I can't remember what it was, but suddenly I got very nervous thinking I'd go to school for the first time and probably this was the most stressful day in my life.	I was worried about starting the childhood garden.	471
Eh, he lived outside St. Louis, between Jefferson City and St. Louis, MO.	I lived in Texas.	475
Eh, he lived outside St. Louis, between Jefferson City and St. Louis, MO.	I lived in a yellow house in Missouri.	476
Eh, he lived outside St. Louis, between Jefferson City and St. Louis, MO.	I was in Missouri.	477
I was informing a certain place in Del Rio, then I had to go to Laughlin Air Force Base, which was just opening again.	The Laughlin Air Base closed for a while.	481
I was informing a certain place in Del Rio, then I had to go to Laughlin Air Force Base, which was just opening again.	The Laughlin Air Force Base has always been open.	482
I was informing a certain place in Del Rio, then I had to go to Laughlin Air Force Base, which was just opening again.	The Laughlin Air Force Base is home to 10,000 soldiers.	483
I don’t care how you do it.	It doesn’t matter what color you choose.	487
I don’t care how you do it.	I need to approve each deal.	488
I don’t care how you do it.	I don’t care how you finish it.	489
So I look up, I find out where Ramona is and there I call her.	I called Ramona to my house.	490
So I look up, I find out where Ramona is and there I call her.	Call Ramona to know where he was.	491
So I look up, I find out where Ramona is and there I call her.	I ignored Ramona.	492
Meanwhile, the Air Force bought the SR71, now the A-12, which we were working with the CIA.	The air force bought 18 aircraft.	496
Meanwhile, the Air Force bought the SR71, now the A-12, which we were working with the CIA.	The air force bought aircraft.	497
Meanwhile, the Air Force bought the SR71, now the A-12, which we were working with the CIA.	The air force had no plans.	498
So your sister's husband also had a clear skin?	Her sister is married to a black man.	499
So your sister's husband also had a clear skin?	His sister is married.	500
So your sister's husband also had a clear skin?	Her sister is single.	501
But as he was growing, he never recognized that he was wrong, but he changed his behavior.	She did not change her behavior at all.	502
But as he was growing, he never recognized that he was wrong, but he changed his behavior.	She never admitted she was wrong.	503
But as he was growing, he never recognized that he was wrong, but he changed his behavior.	She never said she was right about the cake.	504
My uncle, he is a great boy.	My uncle goes very well.	508
My uncle, he is a great boy.	My uncle is a fool.	509
My uncle, he is a great boy.	My uncle is very generous.	510
I went to the house of my sister who lived there. His husband was in service and worked with Intelligence, and I went to his house.	My boyfriend was in the army.	511
I went to the house of my sister who lived there. His husband was in service and worked with Intelligence, and I went to his house.	My cousin was part of the service.	512
I went to the house of my sister who lived there. His husband was in service and worked with Intelligence, and I went to his house.	My brother never aligned.	513
Well, I’m going, I’m going to let another go, but then I’d think, my God!	I thought I would let him be another in my place.	514
Well, I’m going, I’m going to let another go, but then I’d think, my God!	I thought I was going to let someone take my place in the meeting.	515
Well, I’m going, I’m going to let another go, but then I’d think, my God!	I would not let anyone else go.	516
In one minute you’re hit the desktop, the next is okay, take it out of my desktop, give, give, give, give, give.	He changed a lot of idea.	520
In one minute you’re hit the desktop, the next is okay, take it out of my desktop, give, give, give, give, give.	You change your mind because you don’t know what you’re doing.	521
In one minute you’re hit the desktop, the next is okay, take it out of my desktop, give, give, give, give, give.	He is very constant and quiet.	522
Well, in any case, he ended up entering there and was like how things go?	He asked how things went.	526
Well, in any case, he ended up entering there and was like how things go?	He asked if we were completing the documentary.	527
Well, in any case, he ended up entering there and was like how things go?	He did not talk to us at all.	528
Then I was turning my wheel, I don’t know, it looked like the whole day that day.	I got in a hurry and finished quickly.	529
Then I was turning my wheel, I don’t know, it looked like the whole day that day.	I sat there for two hours.	530
Then I was turning my wheel, I don’t know, it looked like the whole day that day.	I turned my wheel for a long time.	531
And she had tuberculosis and I never learned about it either.	I didn’t know he almost died of tuberculosis.	532
And she had tuberculosis and I never learned about it either.	I didn’t know I had tuberculosis.	533
And she had tuberculosis and I never learned about it either.	I knew I was very sick of tuberculosis.	534
You know, you can’t, you can’t survive if you don’t have any contractions, increased breathing pressure at those heights.	The pressure of the display kills you all the time.	535
You know, you can’t, you can’t survive if you don’t have any contractions, increased breathing pressure at those heights.	You need a compression of more than 5000 feet.	536
You know, you can’t, you can’t survive if you don’t have any contractions, increased breathing pressure at those heights.	You need a contraception to that altitude.	537
I started immediately, eh, training with the other two boys who were in the place.	I never received training, so I was discovering it as I was advancing.	547
I started immediately, eh, training with the other two boys who were in the place.	Two men trained me to work in that store.	548
I started immediately, eh, training with the other two boys who were in the place.	Two kids trained me.	549
If it’s a stick, you have to make some adjustments in the regulator.	The regulator was not worth anything.	556
If it’s a stick, you have to make some adjustments in the regulator.	The regulator would change the pressure of everything in your costume.	557
If it’s a stick, you have to make some adjustments in the regulator.	I have to play with the regulator.	558
Oh, it was still the only nine two who had ever put the injection on the regulator.	The injector was placed on Tuesday.	559
Oh, it was still the only nine two who had ever put the injection on the regulator.	I was 922	560
Oh, it was still the only nine two who had ever put the injection on the regulator.	I’ve never been 922.	561
He didn’t even understand the wedding ceremony, he didn’t even know he had been married, seriously--	She didn’t understand that she was trapped with the boy forever although she had never met him.	562
He didn’t even understand the wedding ceremony, he didn’t even know he had been married, seriously--	I didn’t understand what had happened.	563
He didn’t even understand the wedding ceremony, he didn’t even know he had been married, seriously--	I knew what was getting involved.	564
We would enter there.	We will enter there at 8 p.m.	565
We would enter there.	We will enter.	566
We would enter there.	We would never enter.	567
And it was as if he rejected who he was, somehow, by, you know, the way he treated, you know, the other grandchildren.	She treated everyone the same way.	568
And it was as if he rejected who he was, somehow, by, you know, the way he treated, you know, the other grandchildren.	He treated his grandchildren differently.	569
And it was as if he rejected who he was, somehow, by, you know, the way he treated, you know, the other grandchildren.	He treated the other grandchildren differently because they were black.	570
It was very guay, and the dress flew a little with the wind--	The clothes were in the wind.	571
It was very guay, and the dress flew a little with the wind--	The dress was very short and flown a little.	572
It was very guay, and the dress flew a little with the wind--	There was no wind so the dress was quiet.	573
Oh, I spent a lot of my time in, this, special activities.	I was in special operations every two days.	574
Oh, I spent a lot of my time in, this, special activities.	I was in special activities.	575
Oh, I spent a lot of my time in, this, special activities.	I have never been in special activities.	576
And I asked him, you know, could I do it, hum, should you let me stay and do it tonight or could I do it at tomorrow's lunch hour, you think it's okay?	I asked how urgent it was.	577
And I asked him, you know, could I do it, hum, should you let me stay and do it tonight or could I do it at tomorrow's lunch hour, you think it's okay?	I knew the work had to be done right now.	578
And I asked him, you know, could I do it, hum, should you let me stay and do it tonight or could I do it at tomorrow's lunch hour, you think it's okay?	I asked him if the customer would be angry if he was waiting until 2 p.m. because I had a date tonight.	579
But... they lived in a village outside Augusta called Evans, which still exists.	They had twenty family members who lived in Evans.	580
But... they lived in a village outside Augusta called Evans, which still exists.	They lived in Atlanta.	581
But... they lived in a village outside Augusta called Evans, which still exists.	They lived in Evans, which is very small.	582
My sister continues to say to me, says: Sometimes you are like grandmother, you treat people wrongly for wrong reasons.	My sister said I was a racist.	583
My sister continues to say to me, says: Sometimes you are like grandmother, you treat people wrongly for wrong reasons.	My sister said I wasn’t always kind.	584
My sister continues to say to me, says: Sometimes you are like grandmother, you treat people wrongly for wrong reasons.	My sister said I didn’t look like my grandmother in anything.	585
Hum, then we moved to a new house.	We moved to a house that we had built in the country.	586
Hum, then we moved to a new house.	We moved to a new residence.	587
Hum, then we moved to a new house.	We stayed in the same house all our lives.	588
I was like, OK, well, that’s okay, you know, so.	I said I hated him and I rejected him greatly.	592
I was like, OK, well, that’s okay, you know, so.	I said I liked the new version of the song.	593
I was like, OK, well, that’s okay, you know, so.	I said you have my approval.	594
And the paint spots would change every hundred degrees, they could switch from being red to blue, for example.	The paint changes according to the color.	595
And the paint spots would change every hundred degrees, they could switch from being red to blue, for example.	The paint changes so you can know how hot it is without having to measure it.	596
And the paint spots would change every hundred degrees, they could switch from being red to blue, for example.	The painting is always black.	597
I ate very quickly, as quickly as I could and then she entered and ended helping me with that.	I ate the pizza in less than two minutes.	598
I ate very quickly, as quickly as I could and then she entered and ended helping me with that.	I ate too slowly to not get sick.	599
I ate very quickly, as quickly as I could and then she entered and ended helping me with that.	I shed my food.	600
The husband of his sister was also of clear skin.	His cousin was of clear color.	604
The husband of his sister was also of clear skin.	His cousin was Swedish.	605
The husband of his sister was also of clear skin.	Her sister was not married.	606
In any case, this invention of the high O2 regulator happened to them.	They invented a new regulator.	610
In any case, this invention of the high O2 regulator happened to them.	They invented a regulator that worked in space.	611
In any case, this invention of the high O2 regulator happened to them.	They were still unknown how to make an oxygen regulator.	612
And then we moved to Las Vegas, NV, and I, just as I did in Washington, to a certain direction in the center of Las Vegas.	I’ve never been to Las Vegas.	613
And then we moved to Las Vegas, NV, and I, just as I did in Washington, to a certain direction in the center of Las Vegas.	I have worked both in Las Vegas and Washington.	614
And then we moved to Las Vegas, NV, and I, just as I did in Washington, to a certain direction in the center of Las Vegas.	I worked as a taxi driver in both cities.	615
The 4th was super fun.	I hated the whole school.	616
The 4th was super fun.	I liked the fourth grade because we had two recessions.	617
The 4th was super fun.	I liked the fourth grade.	618
It’s like a file with a lot of different tabs, you already know. Each tab has like a different calculation sheet in it.	The page is just a list of numbers.	619
It’s like a file with a lot of different tabs, you already know. Each tab has like a different calculation sheet in it.	The tables have a lot of data.	620
It’s like a file with a lot of different tabs, you already know. Each tab has like a different calculation sheet in it.	The tabs show the current balance of all accounts.	621
I don’t care how you do it.	It doesn’t matter if you do it yourself or you hire it.	625
I don’t care how you do it.	I don’t care what your method is.	626
I don’t care how you do it.	I need to know exactly how you will do this.	627
And they moved to Mallard Creek in Charlotte.	They built a house in Mallard Creek.	631
And they moved to Mallard Creek in Charlotte.	They never moved to Charlotte.	632
And they moved to Mallard Creek in Charlotte.	They lived in Mallard Creek.	633
Where he was one, he was the son of a minister, then he had, they had properties, and other things, and were very well connected in the community and were very, very appreciated.	His father was a Lutheran pastor.	637
Where he was one, he was the son of a minister, then he had, they had properties, and other things, and were very well connected in the community and were very, very appreciated.	His father was a believer who never went to the church.	638
Where he was one, he was the son of a minister, then he had, they had properties, and other things, and were very well connected in the community and were very, very appreciated.	His father was a shepherd.	639
I didn’t know how much detail I wanted.	I didn’t know if he wanted information about travel schedules.	643
I didn’t know how much detail I wanted.	I gave her all the details because I knew I loved them.	644
I didn’t know how much detail I wanted.	I was not sure what depth I had to have.	645
And one, it’s different, as in each customer, there are all his documents.	They do not have any files.	652
And one, it’s different, as in each customer, there are all his documents.	Keep all the files.	653
And one, it’s different, as in each customer, there are all his documents.	Keep the medical and legal files all together.	654
This seems more simplified, as the one she had given me was all detailed and complicated, and the second was all simple.	She gave me two versions.	655
This seems more simplified, as the one she had given me was all detailed and complicated, and the second was all simple.	She gave me two types of instructions and I preferred those that were detailed.	656
This seems more simplified, as the one she had given me was all detailed and complicated, and the second was all simple.	She gave me only one version and only a few lines were left.	657
Because they really didn’t live in Augusta, they lived in... well, you know, Augusta was still a small city at that time, although for the people who live in cities as big as this, Augusta is not so big.	August has 10,000 people.	658
Because they really didn’t live in Augusta, they lived in... well, you know, Augusta was still a small city at that time, although for the people who live in cities as big as this, Augusta is not so big.	Augustus is not a big city.	659
Because they really didn’t live in Augusta, they lived in... well, you know, Augusta was still a small city at that time, although for the people who live in cities as big as this, Augusta is not so big.	They lived in the heart of Augusta.	660
At the end of 1962, I received orders to go to Washington, DC.	I was told to go to the DC.	661
At the end of 1962, I received orders to go to Washington, DC.	The army sent me to DC immediately.	662
At the end of 1962, I received orders to go to Washington, DC.	I was told to go to Africa.	663
When DOT took its property, we moved to a much smaller area in Concord, where it is not allowed to have animals because it is divided into areas, so it is the end of the animal history.	Our house in Concord could not allow animals.	664
When DOT took its property, we moved to a much smaller area in Concord, where it is not allowed to have animals because it is divided into areas, so it is the end of the animal history.	Our house in Concord has 30,000 acres and a lot of animals.	665
When DOT took its property, we moved to a much smaller area in Concord, where it is not allowed to have animals because it is divided into areas, so it is the end of the animal history.	We sold all our animals when we moved to Concord.	666
In any case, we deployed, and I can say now that for this reason we deployed to Kadina, in Okinawa, and that was in 1968.	We deployed our forces in 1968.	667
In any case, we deployed, and I can say now that for this reason we deployed to Kadina, in Okinawa, and that was in 1968.	We never end up dismissing anyone.	668
In any case, we deployed, and I can say now that for this reason we deployed to Kadina, in Okinawa, and that was in 1968.	We sent our troops to Japan in June 1968.	669
He told me what he needed exactly and that he needed it for today.	He said he could deliver him whenever he was.	670
He told me what he needed exactly and that he needed it for today.	He told me I had until 2 p.m. to finish the whole project.	671
He told me what he needed exactly and that he needed it for today.	He said it was urgent.	672
She had gone and told me not to worry.	He told me he should assume that the school would be well.	673
She had gone and told me not to worry.	He said I shouldn’t worry.	674
She had gone and told me not to worry.	He said it was time to panic.	675
This is, you know, you have a problem.	You are in danger.	676
This is, you know, you have a problem.	You will be well!	677
This is, you know, you have a problem.	You are at risk of being deported.	678
My mother ended not being one of her favourites at the beginning and, ah, so she was relegated to work in the field while some of the other children didn’t work in the field.	My mom had to pick up cotton and corn.	679
My mother ended not being one of her favourites at the beginning and, ah, so she was relegated to work in the field while some of the other children didn’t work in the field.	My mother was the golden girl so she never had to work.	680
My mother ended not being one of her favourites at the beginning and, ah, so she was relegated to work in the field while some of the other children didn’t work in the field.	My mother had to work outside.	681
You know they asked the people, one and the other, and no one knew where they were and, eventually, you know, they just reconciled with the fact that they would not see Joe again.	Joe was the only one who had the key to the rest room.	682
You know they asked the people, one and the other, and no one knew where they were and, eventually, you know, they just reconciled with the fact that they would not see Joe again.	No matter how much we tried, we couldn’t get Joe to leave us in peace.	683
You know they asked the people, one and the other, and no one knew where they were and, eventually, you know, they just reconciled with the fact that they would not see Joe again.	One day, Joe had gone and no one could guess where he was going.	684
I said it was of my sister.	I blame my sister.	685
I said it was of my sister.	I said it was mine.	686
I said it was of my sister.	I told them that the dog belonged to my sister.	687
And then said his mother, his mother slept forward and I watch and said: Go like him.	She said that her mother was also walking on bricks.	688
And then said his mother, his mother slept forward and I watch and said: Go like him.	She said her mother had the same walk.	689
And then said his mother, his mother slept forward and I watch and said: Go like him.	He said his mother was paralyzed and could not walk.	690
You know, and she’s filling the petals there and I didn’t know anything about any consequences.	I didn’t know he would get sick.	694
You know, and she’s filling the petals there and I didn’t know anything about any consequences.	I didn’t know what would happen to her.	695
You know, and she’s filling the petals there and I didn’t know anything about any consequences.	I knew what was going to happen when she did that.	696
Ah, another thing that happened there that I thought could be interesting was one of my sister’s first memories, and that happened in that same back yard.	I have no memories of that house.	700
Ah, another thing that happened there that I thought could be interesting was one of my sister’s first memories, and that happened in that same back yard.	I remember having picked up margarites in the back yard.	701
Ah, another thing that happened there that I thought could be interesting was one of my sister’s first memories, and that happened in that same back yard.	I remember something that happened in the back yard.	702
So all that stress and, osea, had all the reasons to be stressed today, it was like, you’re giving something you don’t know how to do, and it’s like taking, do it.	I didn’t know how to do the job I was assigned today.	706
So all that stress and, osea, had all the reasons to be stressed today, it was like, you’re giving something you don’t know how to do, and it’s like taking, do it.	I was told to replace the office fusible box, but I don't know anything about electric cable.	707
So all that stress and, osea, had all the reasons to be stressed today, it was like, you’re giving something you don’t know how to do, and it’s like taking, do it.	Today I was asked to do only tasks for which I am well trained.	708
So now, here is, he wants it today.	He says he can get it whenever he is.	709
So now, here is, he wants it today.	He says he would like to get it today.	710
So now, here is, he wants it today.	He says he would like to receive the final project before 5.00 pm.	711
Unfortunately, we moved again.	We moved at another time.	712
Unfortunately, we moved again.	We moved to another state in 1992.	713
Unfortunately, we moved again.	We never move after that.	714
I didn’t know Mrs. Faulk very well, she was about 80 years old, and she was a good person, she had seen her a couple of times, but she was really nervous for that.	I’ve seen Mrs. Faulk a few times, but I don’t know her well.	724
I didn’t know Mrs. Faulk very well, she was about 80 years old, and she was a good person, she had seen her a couple of times, but she was really nervous for that.	I was a very close friend of Mrs. Faulk.	725
I didn’t know Mrs. Faulk very well, she was about 80 years old, and she was a good person, she had seen her a couple of times, but she was really nervous for that.	Mrs. Faulk was driving a yellow Honda every day to go to work.	726
We lived in the 85 of Mallard Creek, where it is currently the 485 because we had to move because of the 485.	We lived in the green house.	730
We lived in the 85 of Mallard Creek, where it is currently the 485 because we had to move because of the 485.	We have lived there for many years.	731
We lived in the 85 of Mallard Creek, where it is currently the 485 because we had to move because of the 485.	We only live there for two weeks.	732
She seemed to have a double personality, uncle.	I was bad humour.	736
She seemed to have a double personality, uncle.	My boss was either really happy or really crazy.	737
She seemed to have a double personality, uncle.	My boss was smooth and consistent.	738
He is big enough to be my father.	He is 27 years older than me.	742
He is big enough to be my father.	He is much younger than me.	743
He is big enough to be my father.	He is greater than me.	744
Everything is connected and god, I don’t know how long.	I don’t know how long it will last.	745
Everything is connected and god, I don’t know how long.	I don’t know how long the story will last.	746
Everything is connected and god, I don’t know how long.	I know it measures 4 feet (10 cm) long.	747
This time I didn’t even feel happy to be there because I was so stressed.	I was so happy and relaxed!	748
This time I didn’t even feel happy to be there because I was so stressed.	She was too anxious to be happy because she would have arrived a day earlier.	749
This time I didn’t even feel happy to be there because I was so stressed.	I was so excited to be happy because she was there.	750
And much of that is due to the fact that mothers are drug addicts.	Mothers are drug addicts.	751
And much of that is due to the fact that mothers are drug addicts.	Mothers do not take prescriptions or medications.	752
And much of that is due to the fact that mothers are drug addicts.	My mother takes drugs.	753
It’s really nice, it’s been rain.	I don’t care about the rain.	754
It’s really nice, it’s been rain.	It is beautiful and rainy.	755
It’s really nice, it’s been rain.	It’s so horrible with the incessant sunlight.	756
Oh, what is worth a human life and whether you can or not rehab someone.	Every life is worth rehabilitation and second opportunities.	757
Oh, what is worth a human life and whether you can or not rehab someone.	No one deserves rehabilitation.	758
Oh, what is worth a human life and whether you can or not rehab someone.	Regardless of rehabilitation, life is worth it.	759
Oh, boy, here you have a strange cable problem	I’ve never seen this kind of cable problem before.	760
Oh, boy, here you have a strange cable problem	Cable is not the problem.	761
Oh, boy, here you have a strange cable problem	There is a problem caused by this strange cable.	762
It sounds very fun, yes, I am surprised how many things would allow	I am not completely surprised that they were indulgent.	763
It sounds very fun, yes, I am surprised how many things would allow	I am surprised that you are allowed to go there with food and drink.	764
It sounds very fun, yes, I am surprised how many things would allow	I am surprised by what they have achieved.	765
Yes, exactly, I mean that, for when you’ve finished equip yourself, with all the work that that involves... you could go to a Club Med all-inclusive holiday.	It costs $2000 to buy everything you need.	766
Yes, exactly, I mean that, for when you’ve finished equip yourself, with all the work that that involves... you could go to a Club Med all-inclusive holiday.	It’s hard to dress yourself.	767
Yes, exactly, I mean that, for when you’ve finished equip yourself, with all the work that that involves... you could go to a Club Med all-inclusive holiday.	It’s very cheap to dress.	768
Oh, but anyway my children now have twenty-one and twenty-four, so I don’t have to	It is not necessary because my children are over twenty years old.	778
Oh, but anyway my children now have twenty-one and twenty-four, so I don’t have to	I’m going to have to do it, as they’re getting old.	779
Oh, but anyway my children now have twenty-one and twenty-four, so I don’t have to	I have to do it because they are ten and eleven years old.	780
Well, this is fresh.	I was born in Fresno.	781
Well, this is fresh.	I am not sure where this is.	782
Well, this is fresh.	I tell you this is fresh.	783
Yes, people who could be at work at any time or whose decisions could be cloudy if they had to make a decision.	Yes, people who may not be able to make the best decisions.	784
Yes, people who could be at work at any time or whose decisions could be cloudy if they had to make a decision.	People who may not be hungry.	785
Yes, people who could be at work at any time or whose decisions could be cloudy if they had to make a decision.	Yes, people whose decision-making powers are never affected.	786
No, they’re still on tour. They’ve been on tour since the late 1960s.	They have been touring since before 1970.	787
No, they’re still on tour. They’ve been on tour since the late 1960s.	They love to make trips.	788
No, they’re still on tour. They’ve been on tour since the late 1960s.	He finished his tour recently.	789
How to do aerobic	Can you tell me how you would do aerobic?	790
How to do aerobic	I am interested in aerobic because I need some cardiovascular activity.	791
How to do aerobic	Please stop talking about aerobic exercises.	792
Well, that’s a good one in which I didn’t think yes.	That’s a foolish idea that I discarded last week.	796
Well, that’s a good one in which I didn’t think yes.	This is a good point.	797
Well, that’s a good one in which I didn’t think yes.	The paradox you mentioned is a good point.	798
Two days a week, he is called the third age nurse, but she goes to the middle of the third age.	The nurse is open every day for children under the age of five only.	802
Two days a week, he is called the third age nurse, but she goes to the middle of the third age.	They let them go more than twice a week if people of the third age are at the height.	803
Two days a week, he is called the third age nurse, but she goes to the middle of the third age.	It is referred to as a nurse for elderly, but it is called the center for elderly people.	804
That was your goal.	That’s why they had made their efforts.	808
That was your goal.	That was never what they wanted.	809
That was your goal.	They reached their goal.	810
Arms control means using two hands.	Half of all gun shooting failures are the result of the use with one hand.	811
Arms control means using two hands.	The best way to control the weapons is to use both feet.	812
Arms control means using two hands.	Use both hands if you want to practice control of weapons.	813
And suddenly it comes from somewhere that I don't know where it comes from.	I don’t know where it comes from, but it’s fast.	814
And suddenly it comes from somewhere that I don't know where it comes from.	It comes quickly, but I know where it comes from.	815
And suddenly it comes from somewhere that I don't know where it comes from.	It comes like a melaza and I know exactly when it will come.	816
I don’t even know it, I don’t believe it.	I don’t know much about that.	820
I don’t even know it, I don’t believe it.	I am ignorant in love matters.	821
I don’t even know it, I don’t believe it.	I have been studying this for years.	822
You know she was great.	I think you know it was incredible.	823
You know she was great.	No, she was horrible.	824
You know she was great.	Yes, she was very good.	825
Yes, he suggested just to buy a fregon like the one you would use.	I suggested to buy an aspirator.	829
Yes, he suggested just to buy a fregon like the one you would use.	He suggested to find a fregon.	830
Yes, he suggested just to buy a fregon like the one you would use.	I wanted to clean the blood with a trapeator.	831
Here are the things really bad, just a shooting occurred on the highway, three apples from our house.	The shooting was at least 100 miles from where I live.	832
Here are the things really bad, just a shooting occurred on the highway, three apples from our house.	The shooting was near my house and I was afraid to go out.	833
Here are the things really bad, just a shooting occurred on the highway, three apples from our house.	There was a shooting near my house, it’s really not good in this area.	834
Oh, that really isn’t true, oh consistent	I don’t agree with you, it’s very constant.	838
Oh, that really isn’t true, oh consistent	I think you are right about its consistency.	839
Oh, that really isn’t true, oh consistent	You are right that it is not consistent.	840
I’m trying to stand there.	I am trying to stick to that.	844
I’m trying to stand there.	I really do the best I can.	845
I’m trying to stand there.	I will leave and I will never look back.	846
What kind of dog do you have?	Is your dog a good guy?	847
What kind of dog do you have?	What kind of cat did you rescue?	848
What kind of dog do you have?	What kind of young dog do you have?	849
Well, you said you had children, how many years old?	How many children do you have?	850
Well, you said you had children, how many years old?	I’m sorry you couldn’t have children.	851
Well, you said you had children, how many years old?	You said you have children, what age do they have?	852
They were probably not the smartest people in the world, but you hear, they were very pleasant and, this... they were interested in the people who were willing to study.	They may not have been the smartest, but they were very kind and were interested in those they study.	853
They were probably not the smartest people in the world, but you hear, they were very pleasant and, this... they were interested in the people who were willing to study.	They were very intelligent, but they became fools when they were close to others who didn’t know them very well.	854
They were probably not the smartest people in the world, but you hear, they were very pleasant and, this... they were interested in the people who were willing to study.	They were more than brilliant, but they hated anyone who strived to study.	855
Once we went to that thing, eh, there, we returned from an event and lighted the lights around the camp and there was a mofete.	The wreck was waiting for us to return to the camp.	856
Once we went to that thing, eh, there, we returned from an event and lighted the lights around the camp and there was a mofete.	We found a sheep in the camp after they turned off the lights.	857
Once we went to that thing, eh, there, we returned from an event and lighted the lights around the camp and there was a mofete.	When we return from an event, we find a mofeta.	858
You know, all my children are great, very good, and I think not, learn from older children too, but	He has learned from the other older children but all my descendence eclipse.	859
You know, all my children are great, very good, and I think not, learn from older children too, but	I am very proud of how much my kids know.	860
You know, all my children are great, very good, and I think not, learn from older children too, but	My kids are really stupid.	861
And it would also cause people to compact more their waste mmm..., and mmm..., and limit the volume is probably a little closer to the real problem than limit the weight.	The limitation of the amount of waste is closer to the problem than the weight of the waste itself.	862
And it would also cause people to compact more their waste mmm..., and mmm..., and limit the volume is probably a little closer to the real problem than limit the weight.	People don’t have to worry about the amount of waste insofar as it is properly discharged.	863
And it would also cause people to compact more their waste mmm..., and mmm..., and limit the volume is probably a little closer to the real problem than limit the weight.	People need to consider both the volume and the weight of the waste they are producing.	864
If there is a mistake, it’s your mistake.	Don’t worry, if there’s a mistake, I’ll help you blame it.	868
If there is a mistake, it’s your mistake.	If there is a mistake, it is your fault.	869
If there is a mistake, it’s your mistake.	If you have made a mistake, you have to fit it.	870
You know... above all, making the costumes and things like that is what gives them such a professional finish.	The costures are made in a very skillful way.	871
You know... above all, making the costumes and things like that is what gives them such a professional finish.	The costures were made in a hurry and they seem very neglected.	872
You know... above all, making the costumes and things like that is what gives them such a professional finish.	It took a long time to finish the costumes.	873
Yes, yes, in my work you get two weeks to start and then each year you get an extra day until you have four weeks.	Your time continues to increase every year.	874
Yes, yes, in my work you get two weeks to start and then each year you get an extra day until you have four weeks.	Your time never exceeds three days.	875
Yes, yes, in my work you get two weeks to start and then each year you get an extra day until you have four weeks.	Your holiday time increases in the city jobs.	876
That’s the good thing to live more in the country, you don’t have to worry about anything about this.	Being in the country makes you live with a constant fear of things like that.	877
That’s the good thing to live more in the country, you don’t have to worry about anything about this.	The good thing to be in the country is that you don’t have to worry about things like that.	878
That’s the good thing to live more in the country, you don’t have to worry about anything about this.	The great thing is that in the countryside you don’t have to worry about it as you would do in the city.	879
Oh, Oh God, well, that sounds like an adventure.	That seems either very fun or quite boring.	880
Oh, Oh God, well, that sounds like an adventure.	It sounds like a great adventure.	881
Oh, Oh God, well, that sounds like an adventure.	It looks like a horrible experience.	882
I have a sister in Germany.	I have a brother who lives in Germany.	886
I have a sister in Germany.	I have a sister who is now in Cuba.	887
I have a sister in Germany.	I have a sister who speaks German.	888
I have a younger daughter now and it’s hard to take her there and that, but I’m going to, eh...	I can take my daughter there.	889
I have a younger daughter now and it’s hard to take her there and that, but I’m going to, eh...	It’s a little more difficult for me to get my daughter there.	890
I have a younger daughter now and it’s hard to take her there and that, but I’m going to, eh...	Now that you can drive, my daughter has her own way to get here.	891
May you have a great summer.	I hope you have a sad summer holiday.	892
May you have a great summer.	The summer will be here soon.	893
May you have a great summer.	Have a pleasant summer.	894
We are not real naturalists or anything.	We do not consider ourselves naturalists.	901
We are not real naturalists or anything.	We are completely true naturalists and we feel insulted by thinking the opposite!	902
We are not real naturalists or anything.	We would like one day to strive to be naturalists, but at this time, we are not.	903
Yes, I remember my grandparents and I used to go out to the street and pick up the sheets and eh	Some would meet and clean the garbage of the street.	904
Yes, I remember my grandparents and I used to go out to the street and pick up the sheets and eh	I used to help my grandparents pick up tracks from the road.	905
Yes, I remember my grandparents and I used to go out to the street and pick up the sheets and eh	I used to go to my father’s house.	906
This is not your first experience with a dog.	This is not your first time with a dog.	907
This is not your first experience with a dog.	Sorry, I didn’t know that this was the first time I saw a dog.	908
This is not your first experience with a dog.	This is not the first time a domestic animal is handled.	909
Of course, do not do everything you can and	You can tell me the end of the story.	910
Of course, do not do everything you can and	You don’t have to do everything.	911
Of course, do not do everything you can and	You need to go through the whole matter.	912
I don't live out of the house.	I don’t live in the campus.	913
I don't live out of the house.	I live at an apple at the campus.	914
I don't live out of the house.	I live in the campus.	915
I'm free of the accusation that a guy scratched his ex-wife to the dead because she was sleeping with another man, I mean ex-wife, you know we're talking and	A man killed his wife for lying with another man after being removed from a previous accusation.	919
