gold_label	sentence1	sentence2	pairID
contradiction	Well, I wasn't even thinking about that, but I was so frustrated, and, I ended up talking to him again.	I havent spoken to him again.	4
entailment	Well, I wasn't even thinking about that, but I was so frustrated, and, I ended up talking to him again.	I was so upset that I just started talking to him again.	5
neutral	Well, I wasn't even thinking about that, but I was so frustrated, and, I ended up talking to him again.	We had a great talk.	6
neutral	And I thought that was a privilege, and it's still, it's still, I was the only nine two-two Ex-O which was my AFFC Air Force Career field.	I was not aware that I was not the only person to be at the field that day.	7
entailment	And I thought that was a privilege, and it's still, it's still, I was the only nine two-two Ex-O which was my AFFC Air Force Career field.	I was under the impression that I was the only one with that number at the AFFC Air Force Career field.	8
contradiction	And I thought that was a privilege, and it's still, it's still, I was the only nine two-two Ex-O which was my AFFC Air Force Career field.	We all were given the same exact number no matter what privileges we were promised to be granted, it was all a lie.	9
contradiction	They told me that, uh, that I would be called in a guy at the end for me to meet.	I was never told anything about meeting anyone.	10
entailment	They told me that, uh, that I would be called in a guy at the end for me to meet.	I was told a guy would be called in for me to meet.	11
neutral	They told me that, uh, that I would be called in a guy at the end for me to meet.	The guy showed up a bit late.	12
entailment	There's so much you could talk about on that I'll just skip that.	I won't talk about that, even though there's a lot to cover.	14
neutral	There's so much you could talk about on that I'll just skip that.	I wont talk about the history of the city because there's too much to say.	15
contradiction	That was the primary thing we wanted to save since there wasn't any way to dump a 20-megaton H-bomb off a 30, a C124.	We didn't care about saving anything.	19
entailment	That was the primary thing we wanted to save since there wasn't any way to dump a 20-megaton H-bomb off a 30, a C124.	We wanted to save one thing more than the rest.	20
neutral	That was the primary thing we wanted to save since there wasn't any way to dump a 20-megaton H-bomb off a 30, a C124.	We wanted to save the h-bomb because it was so hard to deal with.	21
contradiction	So I'm not really sure why.	I am certain as to the reason why.	28
neutral	So I'm not really sure why.	I don't know why he transferred schools.	29
entailment	So I'm not really sure why.	I don't know why that happened.	30
contradiction	This is Fannie Flono, and she grew up in Ag-- Augusta, GA, and she is going to talk about some stories from her childhood.	Fannie Flono had to reschedule and is unable to tell us any stories today.	34
neutral	This is Fannie Flono, and she grew up in Ag-- Augusta, GA, and she is going to talk about some stories from her childhood.	Fannie Flono was able to speak to us today despite her busy schedule.	36
entailment	And I had put uh, five detachments out of U2's.	I dealt with the U2's.	40
contradiction	And I had put uh, five detachments out of U2's.	I didn't' deal with the U2's at all.	41
neutral	And I had put uh, five detachments out of U2's.	I worked with the detachments for the U2's every day for forty years.	42
contradiction	I'm uh, Chief Master Sergeant, retired, as Rick said.	I am still working to this day.	46
neutral	I'm uh, Chief Master Sergeant, retired, as Rick said.	I retired in 2002.	47
entailment	I'm uh, Chief Master Sergeant, retired, as Rick said.	Rick told you I was retired.	48
neutral	There's some cash flow projections on my desk and, um, uh, it's for such and such Cutty, that's the client's name.	The client named Cutty makes $10000 a month.	52
entailment	There's some cash flow projections on my desk and, um, uh, it's for such and such Cutty, that's the client's name.	There is a client named Cutty.	53
entailment	The girl that can help me is all the way across town.	The girl I need help from lives a ways away.	55
neutral	The girl that can help me is all the way across town.	The girl who is going to help me is 5 miles away.	56
contradiction	The girl that can help me is all the way across town.	There is no one who can help me.	57
contradiction	But they were divided about like who were the field hands and who were the house kids, it was kind of--	They all agreed that they'd all work in the fields.	61
entailment	But they were divided about like who were the field hands and who were the house kids, it was kind of--	They couldn't agree about who was a field hand and who belonged in the house.	62
neutral	But they were divided about like who were the field hands and who were the house kids, it was kind of--	They couldn't agree who should work in the cotton field and who should mop the floors.	63
contradiction	Today he is going to talk to us about the Third SS, the U2 Quick and the Blackbird.	He has decided not to talk anymore.	67
neutral	Today he is going to talk to us about the Third SS, the U2 Quick and the Blackbird.	He talks about three different submarines.	68
entailment	Today he is going to talk to us about the Third SS, the U2 Quick and the Blackbird.	He talks about three things.	69
contradiction	I mean they only had, like, they had five children, one of them died.	All of their children survived.	70
neutral	I mean they only had, like, they had five children, one of them died.	The child who died was born sickly.	72
entailment	And, of course, Androv Gromikov didn't answer anything, but we had all the information from the films the U2 had taken.	The U2 took a lot of film.	73
neutral	And, of course, Androv Gromikov didn't answer anything, but we had all the information from the films the U2 had taken.	The U2 took a ton of film from under the water.	74
contradiction	And, of course, Androv Gromikov didn't answer anything, but we had all the information from the films the U2 had taken.	We had no footage, so we just had to guess.	75
entailment	She said there were just tears coming down from her eyes and she said, then she said Joe came up on the porch.	As she told him to come up the porch she had tears in her eyes.	76
contradiction	She said there were just tears coming down from her eyes and she said, then she said Joe came up on the porch.	She quickly wiped away the tears after flinging Joe off the porch.	77
neutral	She said there were just tears coming down from her eyes and she said, then she said Joe came up on the porch.	She was so happy to see Joe that she started to cry.	78
neutral	Even if the aircraft was on fire, why it, it would uh, burn and it would melt through a lead component for the radiation to leak out.	The radiation can be contained during a fire as well.	79
entailment	Even if the aircraft was on fire, why it, it would uh, burn and it would melt through a lead component for the radiation to leak out.	The radiation would leak out from a lead component after the aircraft burned.	80
contradiction	Even if the aircraft was on fire, why it, it would uh, burn and it would melt through a lead component for the radiation to leak out.	The radiation would not leak out during a fire.	81
entailment	This is Chief Master Sergeant Clem Francis, retired from the US Air Force.	The Chief is retired from the US Air Force.	88
neutral	This is Chief Master Sergeant Clem Francis, retired from the US Air Force.	The Chief just recently retired a few weeks ago.	89
contradiction	This is Chief Master Sergeant Clem Francis, retired from the US Air Force.	The US Air Force Chief just started his career this week.	90
entailment	Well it got to where there's two or three aircraft arrive in a week and I didn't know where they're flying to.	More than one aircraft arrive every week.	91
neutral	Well it got to where there's two or three aircraft arrive in a week and I didn't know where they're flying to.	The increased aircraft traffic is troublesome.	92
contradiction	Well it got to where there's two or three aircraft arrive in a week and I didn't know where they're flying to.	There are never any aircraft arriving.	93
neutral	They had already had their training in the full pressure suits and it taken me a while if you go into full pressure suits.	It takes up to three months to complete training on the use of a full pressure suit.	94
entailment	They had already had their training in the full pressure suits and it taken me a while if you go into full pressure suits.	Training to use a full pressure suit takes time.	95
contradiction	They had already had their training in the full pressure suits and it taken me a while if you go into full pressure suits.	We could have you trained to use a full pressure suit by the end of the day.	96
neutral	I want to say that there wasn't any danger of going in with the bomb because it would not explode, regardless of how hard it hit the ground.	The bomb had been deactivated by the pilot.	106
entailment	I want to say that there wasn't any danger of going in with the bomb because it would not explode, regardless of how hard it hit the ground.	The bomb had no chance of exploding.	107
contradiction	I want to say that there wasn't any danger of going in with the bomb because it would not explode, regardless of how hard it hit the ground.	There was a great danger of the bomb exploding.	108
contradiction	And how about it looks like exactly what I'm trying to do.	I'm not sure what this looks like to you.	109
entailment	And how about it looks like exactly what I'm trying to do.	I'm trying to do this, obviously.	110
neutral	And how about it looks like exactly what I'm trying to do.	I'm trying to finish my project in the next week.	111
neutral	But anyway, the animals would get loose all the time, especially the goats.	The goats escaped from the barn every day.	112
entailment	But anyway, the animals would get loose all the time, especially the goats.	The goats escaped often.	113
contradiction	But anyway, the animals would get loose all the time, especially the goats.	The goats were kept safe and secure.	114
contradiction	The doors were locked when we went in.	All of the doors were open.	118
entailment	The doors were locked when we went in.	We went in even though the doors were locked.	120
neutral	So I just had to take the totals and try and figure it like that.	I feel confident that the totals are all I need to get this figured out.	127
contradiction	So I just had to take the totals and try and figure it like that.	I have no clue what to do with just the totals please give me more details to figure out this mess.	128
entailment	So I just had to take the totals and try and figure it like that.	I will calculate it based off of the totals.	129
contradiction	He came, he opened the door and I remember looking back and seeing the expression on his face, and I could tell that he was disappointed.	He was so excited and bursting with joy that he practically knocked the door off it's frame.	130
entailment	He came, he opened the door and I remember looking back and seeing the expression on his face, and I could tell that he was disappointed.	Just by the look on his face when he came through the door I just knew that he was let down.	132
entailment	So, I don't have any specific stories.	I dont have a particular store.	133
contradiction	So, I don't have any specific stories.	I have 1 specific store.	134
neutral	So, I don't have any specific stories.	There are a lot of stores.	135
contradiction	And it was, he never really had to do anything for himself.	He is very independent.	144
contradiction	So I'm like, Oh my gosh, and Ramona was standing there.	Ramona was on the floor curled up in a fetal position.	148
neutral	So I'm like, Oh my gosh, and Ramona was standing there.	Ramona was silently judging me.	149
entailment	So I'm like, Oh my gosh, and Ramona was standing there.	Ramona was upright while I was there in awe.	150
neutral	And the fact is she was light!	She ate a lot of food, but still kept her weight down.	154
entailment	And the fact is she was light!	She did not weigh much at all.	155
contradiction	And the fact is she was light!	She was very happy.	156
entailment	I don't know whether he stayed in Augusta after that.	He continued to live in Augusta.	164
neutral	All we done, they never did tell us any place where they was going, even when they left the base to go to somewhere else to stay for a while.	I never asked where they were going.	166
contradiction	All we done, they never did tell us any place where they was going, even when they left the base to go to somewhere else to stay for a while.	They always let us know where they were and where they were going.	167
contradiction	They said, We're paying for a place for you to stay.	They won't pay for anything forus.	175
neutral	They said, We're paying for a place for you to stay.	They're paying for housing for me and my siblings.	176
entailment	They said, We're paying for a place for you to stay.	They're paying for housing.	177
entailment	Well, the next day, of course, President Kennedy, uh, blockaded Cuba, and, uh, our ships stopped a Russian ship that was headed just outside of Cuba within, and they found missiles on them.	Kennedy told our troops to look for missiles.	178
contradiction	Well, the next day, of course, President Kennedy, uh, blockaded Cuba, and, uh, our ships stopped a Russian ship that was headed just outside of Cuba within, and they found missiles on them.	They didn't stop any ships because they didn't want conflict.	179
neutral	Well, the next day, of course, President Kennedy, uh, blockaded Cuba, and, uh, our ships stopped a Russian ship that was headed just outside of Cuba within, and they found missiles on them.	They found 20 missiles on the ship.	180
neutral	Anyhow the man comes in.	The man entered the courtroom.	181
entailment	Anyhow the man comes in.	The man entered the room.	182
neutral	Um, my grandparents were always very, very loving people and some of, my parents were and we'd just have a great time down there.	It took a long time to drive to my grandparent's house.	184
entailment	Um, my grandparents were always very, very loving people and some of, my parents were and we'd just have a great time down there.	My grandparents were a very loving couple.	185
neutral	I didn't have time to enter in all kinds of whatever.	I could have finished entering it in later.	196
contradiction	I didn't have time to enter in all kinds of whatever.	I entered it in all on time.	197
entailment	I didn't have time to enter in all kinds of whatever.	I ran out of time to enter it all in.	198
contradiction	And, uh, one of my jobs at the time was training individuals how to put parachutes on a nuclear weapons trigger to, uh, which detonates the atomic bomb itself.	The atomic bomb has no trigger.	199
entailment	And, uh, one of my jobs at the time was training individuals how to put parachutes on a nuclear weapons trigger to, uh, which detonates the atomic bomb itself.	The trigger detonates the bomb when it's pulled.	200
neutral	And, uh, one of my jobs at the time was training individuals how to put parachutes on a nuclear weapons trigger to, uh, which detonates the atomic bomb itself.	You only need a tiny bit of force to pull the atomic bomb trigger.	201
neutral	My grandmother used to tell me a lot of different stories about her growing-up years and, uh, especially, uh, she used to talk about her family, and what it was like during those times.	I always enjoyed listening to my grandmother's stories.	202
entailment	My grandmother used to tell me a lot of different stories about her growing-up years and, uh, especially, uh, she used to talk about her family, and what it was like during those times.	My grandmother told me lots of stuff about her family during the time that she was growing up.	204
contradiction	We had full pressure suits there in the aircraft just, just like the astronauts wore, except ours was totally silver, silver uh, boot and everything, to reflect heat, of course.	Our suits were nothing like what the astronauts had.	205
entailment	We had full pressure suits there in the aircraft just, just like the astronauts wore, except ours was totally silver, silver uh, boot and everything, to reflect heat, of course.	Our suits were the same as the astronauts except to reflect heat, ours were silver.	206
neutral	We had full pressure suits there in the aircraft just, just like the astronauts wore, except ours was totally silver, silver uh, boot and everything, to reflect heat, of course.	You can get the suits in any color you want.	207
entailment	And he was, my grandfather was not a nice man.	My grandpa was a jerk.	208
neutral	And he was, my grandfather was not a nice man.	My grandpa was really racist and mean.	209
contradiction	And he was, my grandfather was not a nice man.	My grandpa was the nicest guy you'll ever meet!	210
contradiction	It's 30 or 40 U2 aircraft, and we'd started the training Chinese pilots, British pilots in them, just all over the, the world that we were allies with.	We had no training with anyone.	211
neutral	It's 30 or 40 U2 aircraft, and we'd started the training Chinese pilots, British pilots in them, just all over the, the world that we were allies with.	We trained for 5 weeks with the British.	212
contradiction	So, she's like, Well look, look up this in such and such company.	She didn't speak to me.	214
entailment	So, she's like, Well look, look up this in such and such company.	She told me to look something up.	215
neutral	So, she's like, Well look, look up this in such and such company.	She told me to look up their financing information.	216
neutral	He said that they had gone up North.	He said the made a few stops along the way.	217
contradiction	He said that they had gone up North.	He said they went down South.	218
entailment	He said that they had gone up North.	He said they went up North.	219
neutral	Um, no, to be honest, I never read any of the books I was supposed to.	I haven't read any books longer than 100 pages.	235
entailment	Um, no, to be honest, I never read any of the books I was supposed to.	I haven't read many books.	236
contradiction	Um, no, to be honest, I never read any of the books I was supposed to.	I read books every day.	237
contradiction	I go ahead and picked the baggage and went to the address I was supposed to.	I left the bag and figured it wasn't my problem.	238
neutral	I go ahead and picked the baggage and went to the address I was supposed to.	I took the bag to his apartment.	239
entailment	I go ahead and picked the baggage and went to the address I was supposed to.	I took the bag to where it belonged.	240
contradiction	It was an amazing mood swing.	Her mood stayed completely consistent.	241
neutral	It was an amazing mood swing.	She went from happy to sad.	242
entailment	They've, they chosen me over about 15 individuals there, to go to through that school and I'm not, I'm not.	I was picked to go to that school.	245
neutral	They've, they chosen me over about 15 individuals there, to go to through that school and I'm not, I'm not.	I was the most credible candidate.	246
neutral	They have to go through a number of altitude chambers, uh, rides before they start even flying U2's or flying with pressure suits.	Most people fail tests and never get to fly U2s.	247
entailment	They have to go through a number of altitude chambers, uh, rides before they start even flying U2's or flying with pressure suits.	They have to go through a lot of training before they fly U2's.	248
contradiction	They have to go through a number of altitude chambers, uh, rides before they start even flying U2's or flying with pressure suits.	They just let you fly U2s on the first day.	249
contradiction	I'm covering the same stuff.	I cover completely new material.	253
neutral	I'm covering the same stuff.	I cover the same stuff as the other magazines.	254
entailment	I'm covering the same stuff.	I'm talking about the same things they did.	255
contradiction	This was the first time that, that had happened in 75 years, that TX legislature had voted a military unit being TX Ambassadors, so, needed TX Ambassadors.	Military units aren't allowed to be TX Ambassadors.	256
neutral	This was the first time that, that had happened in 75 years, that TX legislature had voted a military unit being TX Ambassadors, so, needed TX Ambassadors.	The military unit was named TX Ambassadors to the US Congress.	257
entailment	This was the first time that, that had happened in 75 years, that TX legislature had voted a military unit being TX Ambassadors, so, needed TX Ambassadors.	The military unit was named TX Ambassadors.	258
entailment	If there was anything I could do.	I could do something.	259
contradiction	If there was anything I could do.	I knew there was nothing i could do.	260
neutral	If there was anything I could do.	I think I could have done something to save him.	261
contradiction	She hated that, and she used to tell her sister every day, she said that, that You are doing wrong.	She always encouraged her sister.	262
neutral	She hated that, and she used to tell her sister every day, she said that, that You are doing wrong.	She made it clear that her sister couldn't do anything right.	263
entailment	She hated that, and she used to tell her sister every day, she said that, that You are doing wrong.	She was very critical of her sister.	264
neutral	So I went to her house and then I called in to this number I was supposed to call when I got there.	I borrowed her phone to make the call.	268
entailment	So I went to her house and then I called in to this number I was supposed to call when I got there.	I called the number when I arrived at her house.	269
contradiction	So I went to her house and then I called in to this number I was supposed to call when I got there.	I was supposed to call, but I didn't.	270
contradiction	Well I get there this morning and um, I forget how, I think either I asked a question and he came in there or, whatever.	I didn't go today so I didn't see him.	271
neutral	Well I get there this morning and um, I forget how, I think either I asked a question and he came in there or, whatever.	I showed up at the gym today and he came in later and said hi.	272
entailment	Well I get there this morning and um, I forget how, I think either I asked a question and he came in there or, whatever.	I showed up this morning and he came, too.	273
neutral	We didn't know where they were going.	We didn't know where the group was traveling on the interstate.	274
entailment	We didn't know where they were going.	We didn't know where the people were traveling to.	275
contradiction	We didn't know where they were going.	we knew just where they were headed.	276
contradiction	But I was like, forget it, I'm going to eat lunch I was hungry.	I had no appetite at all.	277
entailment	But I was like, forget it, I'm going to eat lunch I was hungry.	I was hungry so i decided to eat my lunch.	278
neutral	But I was like, forget it, I'm going to eat lunch I was hungry.	I was starving so I went to the cafeteria.	279
entailment	So and let me tell you I got to the point today where I was about to quit.	I almost ended up quitting.	283
neutral	So and let me tell you I got to the point today where I was about to quit.	I had taken so much grief from them that I couldn't take it any more.	284
contradiction	So and let me tell you I got to the point today where I was about to quit.	It never entered my mind to quit.	285
entailment	He was born in 1880 something, like 188, I think it was 1889, I think it was when he was born.	He was born before 1900.	292
neutral	He was born in 1880 something, like 188, I think it was 1889, I think it was when he was born.	He was born in december of 1880.	293
contradiction	He was born in 1880 something, like 188, I think it was 1889, I think it was when he was born.	He wasn't born until 1984.	294
entailment	You'd better get the little screw turned down a little bit because you could damage and individual's lungs very easily.	That screw can hurt someone's lungs.	295
contradiction	You'd better get the little screw turned down a little bit because you could damage and individual's lungs very easily.	The screw carries no risks, so tighten it as much as you want.	296
neutral	You'd better get the little screw turned down a little bit because you could damage and individual's lungs very easily.	The screw goes into the trachea and can hurt the lungs.	297
entailment	I got orders to go to Del Rio, TX, so when I arrived out there, well, I found out I had to go to Laughlin Air Force Base.	I got sent to Del Rio, Texas for work.	298
contradiction	I got orders to go to Del Rio, TX, so when I arrived out there, well, I found out I had to go to Laughlin Air Force Base.	I have never been to texas.	299
neutral	I got orders to go to Del Rio, TX, so when I arrived out there, well, I found out I had to go to Laughlin Air Force Base.	The Air Force sent me to Del Rio, Tx in 2001.	300
entailment	Everybody gets champagne and some people don't drink it so what's left the kids drink so we were going around drinking all this champagne.	The kids drank some of the champagne.	302
contradiction	Everybody gets champagne and some people don't drink it so what's left the kids drink so we were going around drinking all this champagne.	The whole party was dry and no alcohol was served.	303
contradiction	There are many stories in the naked city.	I haven't heard any stories.	304
neutral	There are many stories in the naked city.	There are a lot of stories about the military.	305
entailment	There are many stories in the naked city.	There are a lot of stories that get told.	306
contradiction	You live and learn, you know, when you test, uh, aircraft.	I don't know anything about testing aircraft.	307
entailment	You live and learn, you know, when you test, uh, aircraft.	Testing aircraft teaches you a lot of lessons.	308
neutral	You live and learn, you know, when you test, uh, aircraft.	Testing aircraft teaches you how to handle pressure.	309
contradiction	I mean that was the whole point.	I don't understand the point.	310
entailment	I mean that was the whole point.	I understood the point.	312
contradiction	It was from a airbase that flew over Cuba, and of course Rudolph Anderson was shot down.	All of the planes survived without being shot at.	313
entailment	It was from a airbase that flew over Cuba, and of course Rudolph Anderson was shot down.	Something was shot down over Cuba.	314
neutral	It was from a airbase that flew over Cuba, and of course Rudolph Anderson was shot down.	The huge airliner was shot down over Cuba in May.	315
contradiction	It was probably the first thing I remember from being a little kid about, ah, especially about something that I'd done wrong.	I don't really have any memories of my childhood.	319
neutral	It was probably the first thing I remember from being a little kid about, ah, especially about something that I'd done wrong.	I still feel bad to this day.	320
entailment	It was probably the first thing I remember from being a little kid about, ah, especially about something that I'd done wrong.	It was one of my earliest memories.	321
neutral	They just didn't like what it was like being black in those days, and that was, you know, I guess, that, that was probably, you know, in the early 1930s, uh, when they did that.	It was hard to be black in the south.	322
contradiction	They just didn't like what it was like being black in those days, and that was, you know, I guess, that, that was probably, you know, in the early 1930s, uh, when they did that.	It was so easy to be black!	323
entailment	They just didn't like what it was like being black in those days, and that was, you know, I guess, that, that was probably, you know, in the early 1930s, uh, when they did that.	It wsa hard to be black back then.	324
contradiction	Nobody knew where they went.	Everyone knew exactly where they were going.	331
neutral	Nobody knew where they went.	No one knew what house they went into.	332
entailment	Nobody knew where they went.	Their destination was a secret.	333
contradiction	And they couldn't stay in the Augusta area because people knew that they had tried to do something that was really taboo and try to pass for white.	People had no clue that they weren't white people.	334
entailment	And they couldn't stay in the Augusta area because people knew that they had tried to do something that was really taboo and try to pass for white.	People were aware that they weren't white.	336
entailment	Yeah, well, the guy's here.	The guy is present.	337
neutral	Yeah, well, the guy's here.	The guy just showed up 2 minutes ago.	338
contradiction	Yeah, well, the guy's here.	The guy never came here.	339
neutral	We were watching something on TV.	We were watching the TV news.	342
contradiction	So anyhow, I think I spoke to Ramona again.	I have never talked to Ramona.	343
entailment	So anyhow, I think I spoke to Ramona again.	I talked to Ramona another time.	344
neutral	So anyhow, I think I spoke to Ramona again.	It was an enjoyable conversation.	345
contradiction	He was the only casualty of the Cuban Crisis, and uh, Kaiser uh, he got the pictures and flew straight to Andrews Air Force in Washington.	10000 people died in the Cuban Crisis.	352
entailment	He was the only casualty of the Cuban Crisis, and uh, Kaiser uh, he got the pictures and flew straight to Andrews Air Force in Washington.	Only one person died in the Cuban Crisis.	353
neutral	He was the only casualty of the Cuban Crisis, and uh, Kaiser uh, he got the pictures and flew straight to Andrews Air Force in Washington.	Only one person was killed in a crash in the Cuban Crisis.	354
contradiction	Um, and she said, she said, she said, Baby, she said, You don't understand about life the way I understand about life.	She said she was totally clueless.	355
entailment	Um, and she said, she said, she said, Baby, she said, You don't understand about life the way I understand about life.	She said that she knew more about life.	356
neutral	Um, and she said, she said, she said, Baby, she said, You don't understand about life the way I understand about life.	She told me I didn't have a clue how the real world worked and I should follow her.	357
neutral	Then I get it and I'm like great, What do I do with it?	I don't know how I was supposed to use the contraption.	358
entailment	Then I get it and I'm like great, What do I do with it?	I don't know what I was supposed to use it for.	359
contradiction	Then I get it and I'm like great, What do I do with it?	I knew just what to use it for!	360
contradiction	Just give me a minute if you want to cut it off, I'd, uh, go.	I am ready to go right now.	367
neutral	Just give me a minute if you want to cut it off, I'd, uh, go.	I need a minute to collect my thoughts.	369
neutral	So I went to, I went to Washington D.C. and I didn't go directly to, uh, that, uh, they had told me to on my orders.	I went to DC to see my supervisor.	371
entailment	So I went to, I went to Washington D.C. and I didn't go directly to, uh, that, uh, they had told me to on my orders.	I went to the nation's capital.	372
contradiction	She was a light-skinned black person.	She had incredibly dark skin.	376
entailment	She was a light-skinned black person.	She had light skin for an African-American person.	377
neutral	She was a light-skinned black person.	She was lighter than the rest of her black friends.	378
neutral	So anyway, Dad goes and makes this nice big glass of chocolate milk for me.	Dad got me some chocolate milk from the fridge.	379
entailment	So anyway, Dad goes and makes this nice big glass of chocolate milk for me.	Dad poured me a glass of milk.	380
contradiction	So anyway, Dad goes and makes this nice big glass of chocolate milk for me.	Dad said I wasn't allowed to have a drink.	381
contradiction	The DOT had to buy the property and stuff.	The DOT was able to find a different property that they could rent instead.	382
entailment	The DOT had to buy the property and stuff.	The property and equipment was purchased by the DOT.	383
neutral	The DOT had to buy the property and stuff.	The property cost more than three million dollars for the DOT to purchase.	384
neutral	He would have been born	He was supposed to be born on December 2010.	391
entailment	He would have been born	He was supposed to be born.	392
contradiction	He would have been born	He wasn't supposed to be born.	393
contradiction	I'm like, I know how far I've gotten.	I told them I didn't know what I was doing.	397
neutral	I'm like, I know how far I've gotten.	I told them I knew I had beat their expectations by 40%.	398
entailment	I'm like, I know how far I've gotten.	I told them I know what i've achieved.	399
entailment	OK, can you hear me?	Can you hear me right now?	400
neutral	OK, can you hear me?	Can you hear what I'm saying?	401
contradiction	OK, can you hear me?	I know you can't hear me.	402
neutral	Um, are there any, you said you don't remember reading anything in particular, like when you were older in school, were there any books that you read that you liked or hated?	DId you like Harry Potter books or no?	409
entailment	Um, are there any, you said you don't remember reading anything in particular, like when you were older in school, were there any books that you read that you liked or hated?	Did you like or hate certain books?	410
entailment	It's a little screw which set an injection but the, the breathing pressure tube to the pilot and counter pressure.	The screw affects the pressure.	415
neutral	It's a little screw which set an injection but the, the breathing pressure tube to the pilot and counter pressure.	The screw is tiny and silver.	416
contradiction	It's a little screw which set an injection but the, the breathing pressure tube to the pilot and counter pressure.	There are no screws, just buttons.	417
contradiction	She's like, Don't worry about it, you know, just take your time.	She told me i needed to hurry up right away.	418
neutral	She's like, Don't worry about it, you know, just take your time.	She told me it was fine if it took me hours to do it.	419
entailment	She's like, Don't worry about it, you know, just take your time.	She told me just to slow down.	420
contradiction	President Kennedy says to the pilots, says, Gentlemen you take good pictures.	Kennedy didnt acknowldge them.	421
neutral	President Kennedy says to the pilots, says, Gentlemen you take good pictures.	Kennedy spoke to the Air Force pilots.	422
entailment	President Kennedy says to the pilots, says, Gentlemen you take good pictures.	Kennedy talked to the pilots.	423
neutral	And I was like, I'm almost done.	I told him I would be done in 10 minutes.	424
contradiction	And I was like, I'm almost done.	I told him I'd never finish.	425
entailment	And I was like, I'm almost done.	I told them i was almost finished.	426
entailment	I tried to jot everything down.	I aimed to write things down.	427
contradiction	I tried to jot everything down.	I didn't bother to write anything down.	428
neutral	I tried to jot everything down.	I wrote down every work she said.	429
neutral	No, she was born in 1900 because she was 16, and so it must have been like in 1926, 19, you know, before, before 1930.	She was born January 1, 1900.	430
entailment	No, she was born in 1900 because she was 16, and so it must have been like in 1926, 19, you know, before, before 1930.	She was born at the turn of the century	431
contradiction	No, she was born in 1900 because she was 16, and so it must have been like in 1926, 19, you know, before, before 1930.	She wasn't born until 1943.	432
neutral	So it was just really interesting.	I was very interested in how much I could eat.	436
contradiction	So it was just really interesting.	I wasn't interested at all.	437
entailment	So it was just really interesting.	It was interesting to me.	438
neutral	Her sister could pass for white, and in fact did pass for white.	Her sister had the fairest skin of anyone in the neighborhood.	439
entailment	Her sister could pass for white, and in fact did pass for white.	Her sister was usually assumed to be white.	440
contradiction	Her sister could pass for white, and in fact did pass for white.	Sher sister was very dark.	441
contradiction	Well, he was almost, old enough to be her daddy.	He was much younger than her.	443
contradiction	That, I was the only 922 which was life support man the other man was a physiological support.	No one gave any sort of support.	445
neutral	That, I was the only 922 which was life support man the other man was a physiological support.	One man gave physiological support to the troops.	446
entailment	That, I was the only 922 which was life support man the other man was a physiological support.	One man gave physiological support.	447
contradiction	And here I am thinking he's going come in there and be like, you know, just have it out with me, you know, just tell me off like how could I not have this done.	I knew he wasn't going to come here at all.	448
entailment	And here I am thinking he's going come in there and be like, you know, just have it out with me, you know, just tell me off like how could I not have this done.	I thought he was coming here to fight.	449
neutral	And here I am thinking he's going come in there and be like, you know, just have it out with me, you know, just tell me off like how could I not have this done.	I thought he was going to complain about my tone.	450
contradiction	Well of, of course, needless to say, we had a, we could not make a mistake.	It's ok if we made a few errors.	451
entailment	Well of, of course, needless to say, we had a, we could not make a mistake.	We were not allowed to make a mistake.	452
neutral	Well of, of course, needless to say, we had a, we could not make a mistake.	We weren't allowed to spell anything incorrectly.	453
entailment	And, uh, but, uh, I would think, at night I couldn't sleep.	I had trouble sleeping at night.	454
neutral	And, uh, but, uh, I would think, at night I couldn't sleep.	I kept having bad dreams that kept me from sleeping.	455
contradiction	And, uh, but, uh, I would think, at night I couldn't sleep.	I sleep like a baby at night!	456
neutral	One thing that she really had as a great defense.	She could defend herself against wild dogs.	457
entailment	One thing that she really had as a great defense.	She could defend herself well.	458
contradiction	One thing that she really had as a great defense.	She was incredibly vulnerable.	459
contradiction	Um, as far as never being told--	He told he everything i needed to know	460
neutral	Um, as far as never being told--	I wasn't told anything about the safety protocol.	461
entailment	Um, as far as never being told--	Sometimes I'm not told.	462
entailment	So he, we lived in this area.	Our home was around here.	463
neutral	So he, we lived in this area.	Our home was two blocks away.	465
contradiction	And he's like talking all fast; he's on a cell phone.	He is speaking as slowly as he can.	466
neutral	And he's like talking all fast; he's on a cell phone.	He's talking on an iPhone.	467
entailment	And he's like talking all fast; he's on a cell phone.	He's talking on his cell phone.	468
contradiction	I can't remember what it was but I suddenly got really nervous that I was about to go to school for the first time and that was probably the most stressful day of my life.	I was really relaxed about starting school.	469
entailment	I can't remember what it was but I suddenly got really nervous that I was about to go to school for the first time and that was probably the most stressful day of my life.	I was worried about going to school	470
neutral	I can't remember what it was but I suddenly got really nervous that I was about to go to school for the first time and that was probably the most stressful day of my life.	I was worried about starting Kindergarten	471
contradiction	I was living, uh, right outside of St. Louis, between Jefferson City and St. Louis, MO.	I lived in Texas.	475
neutral	I was living, uh, right outside of St. Louis, between Jefferson City and St. Louis, MO.	I lived in a yellow house in Missouri.	476
entailment	I was living, uh, right outside of St. Louis, between Jefferson City and St. Louis, MO.	I was in Missouri.	477
entailment	I was reporting to a certain place in Del Rio, then I had to go to Laughlin Air Force Base, which had just re-opened.	The Laughlin Air Force Base closed for a while.	481
contradiction	I was reporting to a certain place in Del Rio, then I had to go to Laughlin Air Force Base, which had just re-opened.	The Laughlin Air Force Base has always stayed open.	482
neutral	I was reporting to a certain place in Del Rio, then I had to go to Laughlin Air Force Base, which had just re-opened.	The Laughlin Air Force Base is home to 10,000 soldiers.	483
neutral	I don't care how you do it.	I don't care which color you choose.	487
contradiction	I don't care how you do it.	I need to approave every deal.	488
entailment	I don't care how you do it.	I'm not interested in how you finish it.	489
neutral	So then I look up, I find out where Ramona's at, and I call her over there.	I called Ramona over to my house.	490
entailment	So then I look up, I find out where Ramona's at, and I call her over there.	I called Ramona over to where I was.	491
contradiction	So then I look up, I find out where Ramona's at, and I call her over there.	I ignored Ramona.	492
neutral	In the meantime the Air Force bought the SR71, now the A-12, that we were working with the CIA.	The Air Force bought 18 planes.	496
entailment	In the meantime the Air Force bought the SR71, now the A-12, that we were working with the CIA.	The Air Force bought planes.	497
contradiction	In the meantime the Air Force bought the SR71, now the A-12, that we were working with the CIA.	The Air Force didn't have any planes.	498
neutral	So her sister's husband was light-skinned too?	Her sister is married to a black man.	499
entailment	So her sister's husband was light-skinned too?	Her sister is married.	500
contradiction	So her sister's husband was light-skinned too?	Her sister is single.	501
contradiction	But as she got older, um, she never acknowledged that she was wrong but she did change her behavior.	She didn't change her behavior at all.	502
entailment	But as she got older, um, she never acknowledged that she was wrong but she did change her behavior.	She never admitted that she was wrong.	503
entailment	My uncle, he's a great guy.	I like my uncle a lot.	508
contradiction	My uncle, he's a great guy.	My uncle is such a jerk!	509
neutral	My uncle, he's a great guy.	My uncle is very generous.	510
neutral	I went to my sister's that lived there . Her husband was in the service and worked with Intelligence, and I went to their house.	My brother in law was in the army.	511
contradiction	I went to my sister's that lived there . Her husband was in the service and worked with Intelligence, and I went to their house.	My brother never enlisted.	513
neutral	I would think, Well, I'm, I'm going to let somebody else go, but then I would think, My God!	I thought I was going to let someone take my place in the meeting.	515
contradiction	I would think, Well, I'm, I'm going to let somebody else go, but then I would think, My God!	I wasn't going to let anyone else go.	516
entailment	One minute he's banging on the desk, the next he's OK, have it on my desk, dah, dah, dah, dah, dah.	He changes his mind a lot.	520
neutral	One minute he's banging on the desk, the next he's OK, have it on my desk, dah, dah, dah, dah, dah.	He changes his mind because he doesn't know what he's doing.	521
contradiction	One minute he's banging on the desk, the next he's OK, have it on my desk, dah, dah, dah, dah, dah.	He is very consistent and calm.	522
entailment	So anyway, um, he ended up coming in there and he was like, How's it coming along?	He asked how things were going.	526
contradiction	So anyway, um, he ended up coming in there and he was like, How's it coming along?	He didn't speak to us at all.	528
neutral	And she had tuberculosis and I never knew that either.	I didn't know she almost died of TB.	532
entailment	And she had tuberculosis and I never knew that either.	I didn't know she had TB.	533
contradiction	You know, you can't, you cannot survive if you don't have any counter pressure, increase breathing pressure in those altitudes.	Counter pressure kills you every time.	535
contradiction	I started immediately, uh, uh, training into that from the other two guys that was at the location.	I never got training so I just figured it out as i went along.	547
neutral	I started immediately, uh, uh, training into that from the other two guys that was at the location.	Two guys trained me to work at that store.	548
entailment	I started immediately, uh, uh, training into that from the other two guys that was at the location.	Two guys trained me.	549
contradiction	If it was off one iota, you had to do some adjusting to the regulator itself.	The regulator was worthless.	556
neutral	If it was off one iota, you had to do some adjusting to the regulator itself.	The regulator would change the pressure of everything in your suit.	557
entailment	If it was off one iota, you had to do some adjusting to the regulator itself.	You'd have to tinker with the regulator.	558
neutral	Uh, I was still the one and only nine two-two that had ever set the injection on the regulator.	I had set the injector on Tuesday.	559
entailment	Uh, I was still the one and only nine two-two that had ever set the injection on the regulator.	I was a 922.	560
contradiction	Uh, I was still the one and only nine two-two that had ever set the injection on the regulator.	I was never a 922.	561
neutral	She didn't even understand the marriage ceremony, she didn't even know that she had gotten married, really--	She didn't understand that she was stuck with the guy forever even though she'd never met him.	562
entailment	She didn't even understand the marriage ceremony, she didn't even know that she had gotten married, really--	She didn't understand what had happened.	563
contradiction	She didn't even understand the marriage ceremony, she didn't even know that she had gotten married, really--	She knew what she was getting into.	564
contradiction	We would go in there.	We would never go in.	567
neutral	It was really cool, and the dress kind of blew in the wind a little bit--	The dress was very short and blew around a bit.	572
contradiction	It was really cool, and the dress kind of blew in the wind a little bit--	There was no wind so the dress was still.	573
neutral	Uh, I spent much of my time in, uh, Special Activities.	I was in Special Activities every other day.	574
entailment	Uh, I spent much of my time in, uh, Special Activities.	I was in Special Activities.	575
contradiction	Uh, I spent much of my time in, uh, Special Activities.	I was never in Special Activities.	576
entailment	And I asked him, you know, could I do it, um, Do you need me to stay and do it tonight or I could have it done by lunchtime tomorrow, if that's OK.	I asked how urgent it was.	577
contradiction	And I asked him, you know, could I do it, um, Do you need me to stay and do it tonight or I could have it done by lunchtime tomorrow, if that's OK.	I knew the work needed to be done right now.	578
neutral	And I asked him, you know, could I do it, um, Do you need me to stay and do it tonight or I could have it done by lunchtime tomorrow, if that's OK.	i asked if the client would be mad if it waited until 2pm because i had an appointment tonight.	579
neutral	But uh, they lived in a little country town outside of Augusta called Evans, and Evans still exists, and that's where a lot of my relatives still, still are too.	They had twenty family members living in Evans.	580
contradiction	But uh, they lived in a little country town outside of Augusta called Evans, and Evans still exists, and that's where a lot of my relatives still, still are too.	They lived in Atlanta.	581
entailment	But uh, they lived in a little country town outside of Augusta called Evans, and Evans still exists, and that's where a lot of my relatives still, still are too.	They lived in Evans which is very small.	582
neutral	My sister keeps telling me, she says, Sometimes you're just like Granny, you treat people wrong for the wrong reasons.	My sister said I was racist.	583
entailment	My sister keeps telling me, she says, Sometimes you're just like Granny, you treat people wrong for the wrong reasons.	My sister said I wasn't always nice.	584
contradiction	My sister keeps telling me, she says, Sometimes you're just like Granny, you treat people wrong for the wrong reasons.	My siter said I was nothing like my granny.	585
neutral	Um, then we moved to a new house.	We moved to a house we had built in the country.	586
contradiction	Um, then we moved to a new house.	We stayed in the same house our whole lives.	588
contradiction	I was like, OK, well that's good, you know, like that.	I said I hated it and disapproved greatly.	592
neutral	I was like, OK, well that's good, you know, like that.	I said I like the new version of the song.	593
entailment	I was like, OK, well that's good, you know, like that.	I said that I approved of it.	594
entailment	And the spots of paint would change every hundred degrees, it might be red, it change to blue.	The paint changes according to color.	595
neutral	And the spots of paint would change every hundred degrees, it might be red, it change to blue.	The paint changes so you can tell how hot it is without measuring it.	596
contradiction	And the spots of paint would change every hundred degrees, it might be red, it change to blue.	the paint is always black.	597
neutral	I ate real quick, as fast as I could and then she came in there and she ended up helping me with it.	I ate the pizza in less than two minutes.	598
contradiction	I ate real quick, as fast as I could and then she came in there and she ended up helping me with it.	I ate very slowly so i wouldn't get sick.	599
entailment	I ate real quick, as fast as I could and then she came in there and she ended up helping me with it.	I scarfed the food down.	600
entailment	Her sister's husband was light-skinned too.	Her brother in law was light colored.	604
neutral	Her sister's husband was light-skinned too.	her brother in law was swedish.	605
contradiction	Her sister's husband was light-skinned too.	her sister wasn't married.	606
entailment	Anyway, they come up with this invention of the high O2 regulator.	They invented a new regulator.	610
neutral	Anyway, they come up with this invention of the high O2 regulator.	They invented a regulator that worked in space.	611
contradiction	Anyway, they come up with this invention of the high O2 regulator.	They still couldn't figure out how to make a high O2 regulator.	612
contradiction	Ah, fourth grade was a lot of fun.	I hated every bit of school!	616
entailment	Ah, fourth grade was a lot of fun.	I liked fourth grade.	618
contradiction	It's like one file with a whole bunch of tabs, of different, you know, each tab has like a different spreadsheet on it.	The page is just  one list of numbers.	619
entailment	It's like one file with a whole bunch of tabs, of different, you know, each tab has like a different spreadsheet on it.	The tabs have a lot of data.	620
neutral	It's like one file with a whole bunch of tabs, of different, you know, each tab has like a different spreadsheet on it.	The tabs show the current balance of every account.	621
entailment	I don't care how you get it done.	I don't care what your method is.	626
contradiction	I don't care how you get it done.	I need to know exactly how you will do this.	627
neutral	And they moved to Mallard Creek in Charlotte.	They built a house on Mallard Creek.	631
contradiction	And they moved to Mallard Creek in Charlotte.	They never moved to Charlotte.	632
entailment	And they moved to Mallard Creek in Charlotte.	They then lived in Mallard Creek.	633
neutral	Where he was a , he was a minister's son, so he had, they had property, and stuff, and they were very well-connected in the community and very, held in high esteem.	His dad was a Lutheran pastor.	637
contradiction	Where he was a , he was a minister's son, so he had, they had property, and stuff, and they were very well-connected in the community and very, held in high esteem.	His dad was a convict who never went to church.	638
entailment	Where he was a , he was a minister's son, so he had, they had property, and stuff, and they were very well-connected in the community and very, held in high esteem.	His dad was a pastor.	639
contradiction	And I um, I didn't know how much detail he wanted.	I gave him every detail because I knew he wanted it.	644
entailment	And I um, I didn't know how much detail he wanted.	I wasn't sure how in depth it should be.	645
contradiction	And um, it's different, like under each client, is all their files.	They don't have any of the files.	652
entailment	And um, it's different, like under each client, is all their files.	They keep all the files.	653
neutral	And um, it's different, like under each client, is all their files.	They keep the medical and legal files all together.	654
entailment	It's like more simplified, like the one that she had given me was all detailed and complicated and the second one is all simple.	She gave me two different versions.	655
neutral	It's like more simplified, like the one that she had given me was all detailed and complicated and the second one is all simple.	She gave me two types of instructions and i prefered the detailed ones.	656
contradiction	It's like more simplified, like the one that she had given me was all detailed and complicated and the second one is all simple.	She only gave me one version and it was just a few lines lone.	657
neutral	Cause they didn't actually live in Augusta, they lived in, well you know, Augusta was still a city-town during that time, even though to people in big cities like this Augusta isn't that big.	Augusta has 10,000 people in it.	658
entailment	Cause they didn't actually live in Augusta, they lived in, well you know, Augusta was still a city-town during that time, even though to people in big cities like this Augusta isn't that big.	Augusta isn't a large city.	659
contradiction	Cause they didn't actually live in Augusta, they lived in, well you know, Augusta was still a city-town during that time, even though to people in big cities like this Augusta isn't that big.	They lived in the heart of Augusta.	660
entailment	Late 1962, uh, I got orders to go to Washington, D.C.	I was told to go to DC.	661
neutral	Late 1962, uh, I got orders to go to Washington, D.C.	The army sent me to DC right away.	662
contradiction	Late 1962, uh, I got orders to go to Washington, D.C.	They told me to go to Africa.	663
entailment	When DOT took his property, we moved to a smaller, smaller area in Concord where you are not allowed to have animals because it's zoned and so that's the end of the animal story.	Our house in Concord couldn't allow animals.	664
contradiction	When DOT took his property, we moved to a smaller, smaller area in Concord where you are not allowed to have animals because it's zoned and so that's the end of the animal story.	Our house in Concord had 30000 acres and lots of animals.	665
neutral	When DOT took his property, we moved to a smaller, smaller area in Concord where you are not allowed to have animals because it's zoned and so that's the end of the animal story.	We sold all our animals when we moved to Concord.	666
entailment	Anyway, we deployed and I can tell now be, because of this that, that, that, uh, we deployed to Kadina, Okinawa, and this was in 1968.	We deployed our forces in 1968.	667
contradiction	Anyway, we deployed and I can tell now be, because of this that, that, that, uh, we deployed to Kadina, Okinawa, and this was in 1968.	We never ended up deploying anyone.	668
contradiction	He told me what exactly he needed and that he did need it by today.	He said I could turn it in whenever.	670
neutral	He told me what exactly he needed and that he did need it by today.	He told me I had to finish the whole project by 2pm.	671
entailment	He told me what exactly he needed and that he did need it by today.	He told me it was urgent.	672
neutral	She had gone already and she told me just don't worry about it.	She said I should just assume the school would be fine.	673
entailment	She had gone already and she told me just don't worry about it.	She said I shouldn't fret.	674
contradiction	She had gone already and she told me just don't worry about it.	She said it was time to panic.	675
entailment	This is just, you know, Look you're in trouble.	You are in danger.	676
contradiction	This is just, you know, Look you're in trouble.	You'll be just fine!	677
neutral	This is just, you know, Look you're in trouble.	You're in danger of being deported.	678
neutral	And so you know, eventually, you know, you know, they kept asking people around, and nobody knew where they were, and eventually, you know, they just reconciled themselves that they just wouldn't see Joe again.	Joe was the only person who had a key to the break room.	682
contradiction	And so you know, eventually, you know, you know, they kept asking people around, and nobody knew where they were, and eventually, you know, they just reconciled themselves that they just wouldn't see Joe again.	No mater how hard we tried we just couldnt get Joe to leave us alone.	683
entailment	And so you know, eventually, you know, you know, they kept asking people around, and nobody knew where they were, and eventually, you know, they just reconciled themselves that they just wouldn't see Joe again.	One day Joe was just gone and nobody could figure out where he went.	684
entailment	I told them my sister's.	I blamed it on my sister.	685
contradiction	I told them my sister's.	I said it was mine.	686
neutral	I told them my sister's.	I told them the dog belonged to my sister.	687
neutral	And she said then her mama, her mama leaned forward, and she looked and she said, Walks like him.	She said her mom also walks on her tip toes.	688
entailment	And she said then her mama, her mama leaned forward, and she looked and she said, Walks like him.	She said her mom has the same walk.	689
contradiction	And she said then her mama, her mama leaned forward, and she looked and she said, Walks like him.	She said her mom is paralyzed and can't walk.	690
neutral	you know, and she's stuffing the petals up there and I didn't really know of any consequences.	I didn't know she'd get very sick.	694
entailment	you know, and she's stuffing the petals up there and I didn't really know of any consequences.	I didn't know what would happen to her.	695
contradiction	you know, and she's stuffing the petals up there and I didn't really know of any consequences.	I knew what was going to happen when she did that.	696
contradiction	Ah, another thing that happened there that I thought was interesting was one of the first memories of my sister, and that was in that very same backyard.	I have no memories of that house.	700
neutral	Ah, another thing that happened there that I thought was interesting was one of the first memories of my sister, and that was in that very same backyard.	I remembered picking daisies in the backyard.	701
entailment	Ah, another thing that happened there that I thought was interesting was one of the first memories of my sister, and that was in that very same backyard.	I remembered something that happened in the backyard.	702
entailment	So all that stressing and I mean, I had every reason to stress today, it was like, you're giving something you don't know how to do, and it's like here do it.	I did not know how to do the job I was assigned today.	706
neutral	So all that stressing and I mean, I had every reason to stress today, it was like, you're giving something you don't know how to do, and it's like here do it.	I was told to replace the office fuse box, but I know nothing about electrical wiring.	707
contradiction	So all that stressing and I mean, I had every reason to stress today, it was like, you're giving something you don't know how to do, and it's like here do it.	Today I was asked to perform only duties that I am well trained to perform.	708
contradiction	So now, here it is, he wants it today.	He says he can get it whenever.	709
entailment	So now, here it is, he wants it today.	He says he would like to get it today.	710
neutral	So now, here it is, he wants it today.	He says he would like to get the final project by 5pm.	711
entailment	And unfortunately we moved again.	We moved another time.	712
neutral	And unfortunately we moved again.	We moved to yet another state in 1992.	713
contradiction	And unfortunately we moved again.	We never moved after that.	714
entailment	I didn't really know Mrs. Faulk very well she was about 80 and, ah, she was a nice person I had seen her a few times but I was really nervous about that.	I had seen Mrs. Faulk a few times but did not know her well.	724
contradiction	I didn't really know Mrs. Faulk very well she was about 80 and, ah, she was a nice person I had seen her a few times but I was really nervous about that.	I was very close friends with Mrs. Faulk.	725
neutral	I didn't really know Mrs. Faulk very well she was about 80 and, ah, she was a nice person I had seen her a few times but I was really nervous about that.	Mrs. Faulk drove a yellow Honda to work every day.	726
neutral	We lived off, um, 85 in Mallard Creek where currently the 485 is now cause then the like last ten years we had to move because of the 485.	We lived there in the green house.	730
entailment	We lived off, um, 85 in Mallard Creek where currently the 485 is now cause then the like last ten years we had to move because of the 485.	We lived there many years.	731
contradiction	We lived off, um, 85 in Mallard Creek where currently the 485 is now cause then the like last ten years we had to move because of the 485.	We only lived there two weeks.	732
entailment	Boss, he was like with split personality man.	He was moody.	736
neutral	Boss, he was like with split personality man.	My boss was either really happy or really mad.	737
contradiction	Boss, he was like with split personality man.	My boss was mellow and consistent.	738
neutral	He's old enough to be my daddy.	He's 27 years older than me.	742
contradiction	He's old enough to be my daddy.	He's much younger than I am.	743
entailment	He's old enough to be my daddy.	He's older than me.	744
entailment	Everything is linked, and gosh, I don't even know how long.	I don't know how long it lasts.	745
neutral	Everything is linked, and gosh, I don't even know how long.	I don't know how long the story is running.	746
contradiction	Everything is linked, and gosh, I don't even know how long.	I know it's 4 feet long.	747
contradiction	This time I wasn't even happy that she was there because I was so stressed out.	I was so happy and relaxed!	748
neutral	This time I wasn't even happy that she was there because I was so stressed out.	I was too anxious to be happy that she had arrived a day earlier.	749
entailment	This time I wasn't even happy that she was there because I was so stressed out.	I was too anxious to be happy that she was there.	750
neutral	and that's a lot of it is due to the fact that the mothers are on drugs	The mothers are drug addicts.	751
entailment	and that's a lot of it is due to the fact that the mothers are on drugs	The mothers take drugs.	753
entailment	yeah it's real nice has it been raining	It is nice and rainy.	755
contradiction	yeah it's real nice has it been raining	It is so horrible with the never ending sunshine.	756
neutral	oh what human life is worth and whether or not you can rehabilitate somebody	All lives are worth rehab and second chances.	757
contradiction	oh what human life is worth and whether or not you can rehabilitate somebody	No humans deserve to be rehabilitated.	758
entailment	oh what human life is worth and whether or not you can rehabilitate somebody	Regardless of rehabilitation what life is worth it.	759
neutral	oh boy you do have a strange wiring problem there	I've never seen this kind of wiring problem before.	760
contradiction	oh boy you do have a strange wiring problem there	The wiring isn't the issue.	761
entailment	oh boy you do have a strange wiring problem there	There's a problem caused by this odd wiring.	762
contradiction	sounds like a lot of fun yeah it's amazing to me how how many things they would allow	I'm not at all surprised that they were leinient.	763
neutral	sounds like a lot of fun yeah it's amazing to me how how many things they would allow	I'm surprised that they let you take food and drinks in there.	764
entailment	sounds like a lot of fun yeah it's amazing to me how how many things they would allow	I'm surprised what they could get away with.	765
neutral	yeah exactly i mean by the time you get through outfitting yourself and then having to go sweat doing it uh you could you could go on a Club med uh  everything inclusive vacati on	It costs $2000 to buy everything you need.	766
entailment	yeah exactly i mean by the time you get through outfitting yourself and then having to go sweat doing it uh you could you could go on a Club med uh  everything inclusive vacati on	It costs a lot to outfit yourself.	767
contradiction	yeah exactly i mean by the time you get through outfitting yourself and then having to go sweat doing it uh you could you could go on a Club med uh  everything inclusive vacati on	It's really cheap to get outfitted.	768
entailment	oh but anyway anyway um my kids are now twenty one and twenty four so i don't have to	I do not need to because my children are over the age of twenty.	778
neutral	oh but anyway anyway um my kids are now twenty one and twenty four so i don't have to	I might have to since they are close in age.	779
contradiction	oh but anyway anyway um my kids are now twenty one and twenty four so i don't have to	I must since they are both ten and eleven years old.	780
neutral	yeah uh-huh yeah well this is Fresno uh-huh	I was born in Fresno.	781
contradiction	yeah uh-huh yeah well this is Fresno uh-huh	I'm not sure where this is.	782
entailment	yeah uh-huh yeah well this is Fresno uh-huh	I'm telling you that this is Fresno.	783
entailment	yeah people who who could be at work at any time or whose decisions could be clouded if they had to make a decision	Yeah, people who might not be able to make the best judgment calls.	784
contradiction	yeah people who who could be at work at any time or whose decisions could be clouded if they had to make a decision	Yeah, people whose decision faculties are never impaired.	786
entailment	no they're still they're still on tour they've been touring since late sixties	They have been touring since before 1970.	787
neutral	no they're still they're still on tour they've been touring since late sixties	They love touring.	788
contradiction	no they're still they're still on tour they've been touring since late sixties	They recently ended their tour.	789
entailment	how would you do aerobics	Can you explain how you'd perform aerobics?	790
neutral	how would you do aerobics	I'm interested in aerobics because I need some cardiovascular activity.	791
contradiction	how would you do aerobics	Please stop talking about aerobics.	792
neutral	well that's a good one i hadn't thought about that yeah	The paradox you mention is a good point.	798
contradiction	day care  two days a week they call it senior citizen day care but she goes to the senior citizen center	The day care is open every day for children under the age of five only.	802
neutral	day care  two days a week they call it senior citizen day care but she goes to the senior citizen center	They do let them go more than twice a week if the senior citizens are up to it.	803
entailment	day care  two days a week they call it senior citizen day care but she goes to the senior citizen center	They refer to it as a senior day care but it is called the senior center.	804
entailment	that was their goal oh	That is what they had been striving for.	808
contradiction	that was their goal oh	That was never what they wanted.	809
neutral	that was their goal oh	They achieved their goal.	810
neutral	gun control means using two hands	Half of all gun misfires result from single-hand use.	811
contradiction	gun control means using two hands	The best way forward for gun control is to use both feet.	812
entailment	gun control means using two hands	Use both hands if you want to practice gun control.	813
entailment	and uh but it suddenly comes from somewhere i don't know where it comes from but	I do not know where it comes from but it is swift.	814
neutral	and uh but it suddenly comes from somewhere i don't know where it comes from but	It comes by fast but I kinda know where it may be coming from.	815
contradiction	and uh but it suddenly comes from somewhere i don't know where it comes from but	It comes like molasses and I know exactly when it will be coming.	816
entailment	no in fact i'm not even familiar with it i don't think	I don't know much about it.	820
neutral	no in fact i'm not even familiar with it i don't think	I'm ignorant in matters of love.	821
contradiction	no in fact i'm not even familiar with it i don't think	I've been studying it for years.	822
neutral	yeah she was great you know she	I think she knows that she was awesome.	823
contradiction	yeah she was great you know she	No she was horrible.	824
entailment	yeah she was great you know she	Yes she was very good.	825
entailment	yeah he suggested just getting uh um a uh um a mop like you would use	He suggested finding a mop.	830
neutral	yeah he suggested just getting uh um a uh um a mop like you would use	He wanted to clean up the blood with a mop.	831
contradiction	its really bad out here we just had a freeway shooting about three blocks from our house	The shooting was at least 100 miles from where I live.	832
neutral	its really bad out here we just had a freeway shooting about three blocks from our house	The shooting was close to my house and it makes me scared to go outside.	833
entailment	its really bad out here we just had a freeway shooting about three blocks from our house	There was a shooting close to my home, it is really not good in this area.	834
contradiction	uh-huh that's true it is it's not really uh consistent	I disagree with you, it is very consistent.	838
neutral	uh-huh that's true it is it's not really uh consistent	I think you may be correct about its consistency.	839
entailment	uh-huh that's true it is it's not really uh consistent	You are correct about it not be consistent.	840
entailment	i'm trying to hang in there	I am attempting to hang on.	844
neutral	i'm trying to hang in there	I really am doing my best.	845
contradiction	i'm trying to hang in there	I will let go and never look back.	846
neutral	yes oh what sort of puppy do you have	Is your puppy a good boy?	847
contradiction	yes oh what sort of puppy do you have	What kind of cat did you rescue?	848
entailment	yes oh what sort of puppy do you have	What kind of young dog do you have?	849
neutral	well you said you have kids how old	How many children do you have?	850
contradiction	well you said you have kids how old	I am sorry to hear that you were not able to have children.	851
entailment	they probably weren't the most brilliant people in the world but they uh were very personable and took uh a interest in people who were willing to study	They may not have been the smartest but they were very friendly and were interested in those that study.	853
neutral	they probably weren't the most brilliant people in the world but they uh were very personable and took uh a interest in people who were willing to study	They were really smart but played dumb when around others they did not know very well.	854
entailment	you know all my children excel they're they're really good and i guess no he learns from the older boys too but	He has learned from the older male children but all of my offspring outshine.	859
neutral	you know all my children excel they're they're really good and i guess no he learns from the older boys too but	I am very proud of how much my children know.	860
contradiction	you know all my children excel they're they're really good and i guess no he learns from the older boys too but	My kids are truly idiotic.	861
entailment	and it would also cause people to compact their garbage more uh and uh and limiting the volume is probably a little bit closer to the real problem than limiting the weight	People constraining the amount of garbage is closer to the issue than the weight of the actual garbage.	862
contradiction	and it would also cause people to compact their garbage more uh and uh and limiting the volume is probably a little bit closer to the real problem than limiting the weight	People do not need to worry about the amount of garbage as long as they dispose of it properly.	863
neutral	and it would also cause people to compact their garbage more uh and uh and limiting the volume is probably a little bit closer to the real problem than limiting the weight	People need to consider both the volume and the weight of the garbage they are producing.	864
contradiction	so if there's a mistake it's your mistake i guess	Do not worry, if there is a mistake I will help take the blame.	868
entailment	so if there's a mistake it's your mistake i guess	If there is an error it belongs to you.	869
entailment	you know especially making the seams and things like that you know it's it's got such a professional finish on them	The seams are done in a very skillful way.	871
contradiction	you know especially making the seams and things like that you know it's it's got such a professional finish on them	The seams were done in a rush and look very sloppy.	872
neutral	you know especially making the seams and things like that you know it's it's got such a professional finish on them	They took a long time to finish the seams.	873
entailment	yeah yeah my place you get two weeks when you start and then every every year they give you an extra day until you've got four weeks	Your time keeps increasing every year.	874
contradiction	yeah yeah my place you get two weeks when you start and then every every year they give you an extra day until you've got four weeks	Your time never goes above three days.	875
contradiction	uh that's what's nice about living more in the country you don't have to worry about any of that	Being in the country makes you live in constant fear of things just like that.	877
entailment	uh that's what's nice about living more in the country you don't have to worry about any of that	What is great about being in the country is you do not have to fret over things like that.	878
neutral	uh that's what's nice about living more in the country you don't have to worry about any of that	What is really swell is in the country you do not have to worry about that like you would in a city.	879
neutral	oh oh my word well that sounds adventuresome	That seems like either a lot of fun or rrally boring.	880
entailment	oh oh my word well that sounds adventuresome	That sounds like a great adventure.	881
contradiction	oh oh my word well that sounds adventuresome	That sounds like an awful experience.	882
entailment	and now i have got a sister in Germany	Currently I have a sibling residing in Germany.	886
contradiction	and now i have got a sister in Germany	I have a sister that is right now in Cuba.	887
neutral	and now i have got a sister in Germany	I have a sister that speaks German.	888
neutral	i have a younger daughter now and uh i it's kind of hard to get her  get her there and everything but i am going to to uh	I might be able to get my daughter there.	889
contradiction	i have a younger daughter now and uh i it's kind of hard to get her  get her there and everything but i am going to to uh	My daughter has her own way to get there now that she can drive.	891
contradiction	yeah have a nice summer	I hope you have a miserable summer break.	892
neutral	yeah have a nice summer	Indeed summer will be here soon.	893
entailment	yeah have a nice summer	Yes, have a pleasant summer.	894
entailment	we're not real naturalists or anything but um	Actually we do not consider ourselves to be naturalists.	901
contradiction	we're not real naturalists or anything but um	We are totally true naturalists and are insulted to be thought of otherwise!	902
neutral	we're not real naturalists or anything but um	We would like to someday strive to be naturalists but right now we are not.	903
entailment	yeah i remember my grandparents and i used to always get out there on the road and pick up beer cans and uh	I used to help my grandparents with picking up cans from the road.	905
contradiction	yeah i remember my grandparents and i used to always get out there on the road and pick up beer cans and uh	We used to go party at my dad's house.	906
entailment	so this is this is not your first experience with  with a dog	Apparently this is not your first time with a dog.	907
contradiction	so this is this is not your first experience with  with a dog	I am sorry I did not know this was your first time ever seeing a dog.	908
neutral	so this is this is not your first experience with  with a dog	This is not your first time handling a domesticated animal.	909
neutral	right right don't go through the whole nine yards and	You can just tell me the end of the story.	910
entailment	right right don't go through the whole nine yards and	You don't have to do the whole thing.	911
contradiction	right right don't go through the whole nine yards and	You need to go through the whole thing.	912
entailment	um no i live off campus	I do not live on campus.	913
neutral	um no i live off campus	I live a few block away from campus.	914
contradiction	um no i live off campus	I live on campus.	915
entailment	men um free of the charge one guy went in stabbed his ex-wife to death because she was sleeping with another guy i mean ex-wife you know we're talking and	A man killed his ex wife for sleeping with another guy after being freed from a prior charge.	919
