sentence1	sentence2	pairID
Nun, daran dachte ich nicht einmal, aber ich war so frustriert, dass ich am Ende doch mit ihm redete.	Ich habe nicht wieder mit ihm gesprochen.	4
Nun, daran dachte ich nicht einmal, aber ich war so frustriert, dass ich am Ende doch mit ihm redete.	Ich war so mitgenommen, dass ich einfach wieder anfing mit ihm zu reden.	5
Nun, daran dachte ich nicht einmal, aber ich war so frustriert, dass ich am Ende doch mit ihm redete.	Wir hatten ein tolles Gespräch.	6
„Und ich dachte, das wäre ein Privileg, und das ist es immer noch, das ist esi mmer noch. Ich war der einzige 229 Ex-O, was mein AFCF Air Force-Karriere-Feld war.“	Mir war nicht bewusst, dass ich nicht die einzige Person auf dem Feld war an diesem Tag.	7
„Und ich dachte, das wäre ein Privileg, und das ist es immer noch, das ist esi mmer noch. Ich war der einzige 229 Ex-O, was mein AFCF Air Force-Karriere-Feld war.“	Ich hatte den Eindruck, dass ich im AFCF Air Force Career Field der einzige mit dieser Nummer war.	8
„Und ich dachte, das wäre ein Privileg, und das ist es immer noch, das ist esi mmer noch. Ich war der einzige 229 Ex-O, was mein AFCF Air Force-Karriere-Feld war.“	Uns wurde allen die gleiche Anzahl gegeben, unabhängig davon, was für Privilegien uns vorher versprochen worden waren. Es war alles gelogen.	9
Sie sagten mir, dass ich am Ende von einem Kerl angerufen werden würde, um mich zu treffen.	Mir wurde nie gesagt, dass ich jemanden treffen würde.	10
Sie sagten mir, dass ich am Ende von einem Kerl angerufen werden würde, um mich zu treffen.	Mir wurde gesagt, dass ein Typ Bescheid bekommen würde, sich mit mir zu treffen.	11
Sie sagten mir, dass ich am Ende von einem Kerl angerufen werden würde, um mich zu treffen.	Der Typ kam etwas spät.	12
Es gibt so viel was ich darüber erzählen könnte, ich überspringe das einfach.	Ich möchte dir alles erzählen, was ich darüber weiß!	13
Es gibt so viel was ich darüber erzählen könnte, ich überspringe das einfach.	Ich werde nicht darüber reden, obwohl es viel zu decken gibt.	14
Es gibt so viel was ich darüber erzählen könnte, ich überspringe das einfach.	Ich werde nicht über die Geschichte der Stadt sprechen, weil es zu viel zu sagen gibt.	15
Es war das Wichtigste was wir sichern wollten da es keine Möglichkeit gab eine 20 Megatonnen- H- Bombe ab zu werfen von einem 30, C124.	Uns war es egal etwas zu retten.	19
Es war das Wichtigste was wir sichern wollten da es keine Möglichkeit gab eine 20 Megatonnen- H- Bombe ab zu werfen von einem 30, C124.	Wir wollten eine Sache mehr retten als die Restlichen.	20
Es war das Wichtigste was wir sichern wollten da es keine Möglichkeit gab eine 20 Megatonnen- H- Bombe ab zu werfen von einem 30, C124.	Wir wollten uns die h-Bombe aufsparen, weil es so schwer war, damit umzugehen	21
Ich bin mir also nicht wirklich sicher warum.	Ich bin mir bezüglich des Grundes sicher.	28
Ich bin mir also nicht wirklich sicher warum.	Ich weiß nicht, warum er die Schule gewechselt hat.	29
Ich bin mir also nicht wirklich sicher warum.	Ich weiß nicht, warum das passiert ist.	30
Das ist Fannie Flono, sie ist aufgewachsen in Ag--Augusta, GA, und wird über einige Erinnerungen aus ihrer Kindheit sprechen.	Fannie Flono musste umplanen und kann uns heute keine Geschichten erzählen.	34
Das ist Fannie Flono, sie ist aufgewachsen in Ag--Augusta, GA, und wird über einige Erinnerungen aus ihrer Kindheit sprechen.	Fannie Flono ist hier und sie wird mit uns über ihre Kindheitserfahrungen sprechen als  sie in Augusta, GA, aufgewachsen ist.	35
Das ist Fannie Flono, sie ist aufgewachsen in Ag--Augusta, GA, und wird über einige Erinnerungen aus ihrer Kindheit sprechen.	Fannie Flono konnte heute trotz ihres vollen Terminkalenders mit uns sprechen.	36
Und ich hatte äh, fünf Abteilungen von U2	Ich habe mich mit den U2 beschäftigt.	40
Und ich hatte äh, fünf Abteilungen von U2	Ich habe mich überhaupt nicht mit den U2 beschäftigt.	41
Und ich hatte äh, fünf Abteilungen von U2	Ich arbeitete mit der Ablösung der U2's  jeden Tag für vierzig Jahre.	42
Ich war der Einzige der jemals die Regler für den Test in den Miniaturhöhenkammern laufen ließ.	Ich fand es nicht gut die Einzige zu sein, die die Regler für die Tests bedient.	43
Ich war der Einzige der jemals die Regler für den Test in den Miniaturhöhenkammern laufen ließ.	Versuche wurden in den Miniatur-Höhenkammern durchgeführt.	44
Ich war der Einzige der jemals die Regler für den Test in den Miniaturhöhenkammern laufen ließ.	Ein paar von uns haben die Testregler bedient.	45
Ich bin äh, Chief Master Sergeant, im Ruhestand, wie Rick sagte.	Ich arbeite noch immer, bis heute.	46
Ich bin äh, Chief Master Sergeant, im Ruhestand, wie Rick sagte.	Ich bin 2002 in den Ruhestand gegangen.	47
Ich bin äh, Chief Master Sergeant, im Ruhestand, wie Rick sagte.	Rick sagte dir, dass ich im Ruhestand war.	48
Es gibt einige Cash-Flow-Projektionen auf meinem Schreibtisch und, ähm, es ist für so und so Cutty, das ist der Name des Kunden.	Der Kunde namens Cutty verdient 10.000 $ pro Monat.	52
Es gibt einige Cash-Flow-Projektionen auf meinem Schreibtisch und, ähm, es ist für so und so Cutty, das ist der Name des Kunden.	Es gibt einen Klient mit dem Name Cutty.	53
Es gibt einige Cash-Flow-Projektionen auf meinem Schreibtisch und, ähm, es ist für so und so Cutty, das ist der Name des Kunden.	Wir haben keine Kunden namens Cutty.	54
Das Mädchen, das mir helfen kann, ist auf der anderen Seite der Stadt.	Das Mädchen, von dem ich Hilfe brauche, lebt in einiger Entfernung.	55
Das Mädchen, das mir helfen kann, ist auf der anderen Seite der Stadt.	Das Mädchen, das mir helfen wird, ist 5 Meilen entfernt.	56
Das Mädchen, das mir helfen kann, ist auf der anderen Seite der Stadt.	Es gibt niemanden, der mir helfen kann.	57
Aber sie waren gespalten darüber, wer die Feldhände waren und wer die Hauskinder waren, es war irgendwie ...	Alle waren sich einig, dass sie alle auf den Feldern arbeiten würden.	61
Aber sie waren gespalten darüber, wer die Feldhände waren und wer die Hauskinder waren, es war irgendwie ...	Sie konnten sich nicht darüber einigen, wer nach draußen und wer ins Haus gehörte.	62
Aber sie waren gespalten darüber, wer die Feldhände waren und wer die Hauskinder waren, es war irgendwie ...	Sie konnten sich nicht einigen, wer im Baumwollfeld arbeiten sollte und wer die Böden wischen sollte.	63
Heute spricht er zu uns über die Third SS, die U2 Quick und die Blackbird.	Er war entschieden nicht mehr zu reden.	67
Heute spricht er zu uns über die Third SS, die U2 Quick und die Blackbird.	Er spricht von drei verschiedenen U-Booten.	68
Heute spricht er zu uns über die Third SS, die U2 Quick und die Blackbird.	Er redet über drei Sachen.	69
Ich meine sie hatten nur ungefähr 5 Kinder, eines starb.	Alle ihrer Kinder überlebten.	70
Ich meine sie hatten nur ungefähr 5 Kinder, eines starb.	Eins von den fünf Kindern starb.	71
Ich meine sie hatten nur ungefähr 5 Kinder, eines starb.	Das Kind, das gestorben ist, wurde krank geboren.	72
Und Natürlich Androv Gromikov hat nichts beantwortet, aber wir hatten alle Informationen von den Filmen die U2 gemacht hatte.	Die U2 hat viel gedreht.	73
Und Natürlich Androv Gromikov hat nichts beantwortet, aber wir hatten alle Informationen von den Filmen die U2 gemacht hatte.	Das U2 nahm eine Menge Filmmaterial unter Wasser auf.	74
Und Natürlich Androv Gromikov hat nichts beantwortet, aber wir hatten alle Informationen von den Filmen die U2 gemacht hatte.	Wir hatten keine Aufnahmen, also mussten wir einfach raten.	75
Sie sagte, dass nur Tränen aus ihren Augen kamen und sie sagte, dann sagte sie, Joe kam auf die Veranda.	Als sie ihm sagte, er solle auf die Veranda kommen, hatte sie Tränen in den Augen.	76
Sie sagte, dass nur Tränen aus ihren Augen kamen und sie sagte, dann sagte sie, Joe kam auf die Veranda.	Sie wischte schnell die Tränen weg nachdem sie Joe von der Veranda warf.	77
Sie sagte, dass nur Tränen aus ihren Augen kamen und sie sagte, dann sagte sie, Joe kam auf die Veranda.	Sie war so froh, Joe zu sehen, dass sie anfing zu weinen.	78
Selbst wenn das Flugzeug brannte, warum würde es, es brennen, uh, und es würde durch eine Bleikomponente schmelzen, so dass die Strahlung austreten würde.	Die Strahlung kann auch im Brandfall eingedämmt werden.	79
Selbst wenn das Flugzeug brannte, warum würde es, es brennen, uh, und es würde durch eine Bleikomponente schmelzen, so dass die Strahlung austreten würde.	Die Strahlung würde, nachdem das Flugzeug verbrannt ist, aus einer Bleikomponente austreten.	80
Selbst wenn das Flugzeug brannte, warum würde es, es brennen, uh, und es würde durch eine Bleikomponente schmelzen, so dass die Strahlung austreten würde.	Die Strahlung würde während eines Feuers nicht austreten.	81
Dies ist Chief Master Sergeant Clem Francis, im Ruhestand von der US Air Force.	Der Chief ist aus der US Air Force in den Ruhestand getreten.	88
Dies ist Chief Master Sergeant Clem Francis, im Ruhestand von der US Air Force.	Der Leiter hat sich erst vor ein paar Wochen zurückgezogen.	89
Dies ist Chief Master Sergeant Clem Francis, im Ruhestand von der US Air Force.	Der US Air Force Chief hat gerade in dieser Woche seine Karriere begonnen.	90
Nun es kam soweit, dass zwei oder drei Flugzeuge pro Woche ankamen und ich nicht wusste, wohin sie flogen.	Jede Woche kommt mehr als ein Flugzeug an.	91
Nun es kam soweit, dass zwei oder drei Flugzeuge pro Woche ankamen und ich nicht wusste, wohin sie flogen.	Der angestiegene Flugverkehr ist problematisch	92
Nun es kam soweit, dass zwei oder drei Flugzeuge pro Woche ankamen und ich nicht wusste, wohin sie flogen.	Es kommen nie Flugzeuge an.	93
Sie hatten ihr Training bereits in den vollen Druckanzügen absolviert und ich brauchte eine Weile, den vollen Druckanzug anzuziehen.	Es dauert bis zu drei Monate, um eine Schulung über die Verwendung eines Volldruckanzuges zu absolvieren.	94
Sie hatten ihr Training bereits in den vollen Druckanzügen absolviert und ich brauchte eine Weile, den vollen Druckanzug anzuziehen.	Das Training der Nutzung eines Volldruckanzug braucht Zeit.	95
Sie hatten ihr Training bereits in den vollen Druckanzügen absolviert und ich brauchte eine Weile, den vollen Druckanzug anzuziehen.	Wir könnten dir vor Tagesende beibringen, einen kompletten Druckanzug zu benutzen.	96
Ich möchte sagen, dass es keine Gefahr gab mit der Bombe in die Luft zu gehen, weil sie nicht explodieren würde, egal wie hart sie auf dem Boden aufschlug.	Die Bombe wurde vom Piloten deaktiviert.	106
Ich möchte sagen, dass es keine Gefahr gab mit der Bombe in die Luft zu gehen, weil sie nicht explodieren würde, egal wie hart sie auf dem Boden aufschlug.	Die Bombe hatte keine Möglichkeit zu explodieren.	107
Ich möchte sagen, dass es keine Gefahr gab mit der Bombe in die Luft zu gehen, weil sie nicht explodieren würde, egal wie hart sie auf dem Boden aufschlug.	Es bestand eine große Gefahr, dass die Bombe explodierte.	108
Und wie wäre es, es sieht genau so aus, wie das, was ich versuche zu tun.	Ich bin mir nicht sicher, wie das für dich aussieht.	109
Und wie wäre es, es sieht genau so aus, wie das, was ich versuche zu tun.	Ich versuche das offensichtlich zu tun.	110
Und wie wäre es, es sieht genau so aus, wie das, was ich versuche zu tun.	Ich werde versuchen, mein Projekt nächste Woche zu beenden.	111
Aber trotzdem laufen die Tiere ständig davon, besonders die Ziegen.	Die Ziegen sind jeden Tag aus der Scheune ausgebrochen.	112
Aber trotzdem laufen die Tiere ständig davon, besonders die Ziegen.	Die Ziegen entkamen oft.	113
Aber trotzdem laufen die Tiere ständig davon, besonders die Ziegen.	Die Ziegen wurden sicher un geschützt gehalten.	114
Die Türen waren geschlossen, als er hineinging.	Alle Türen waren offen.	118
Die Türen waren geschlossen, als er hineinging.	Wir hatten Schlüssel dabei.	119
Die Türen waren geschlossen, als er hineinging.	Wir verschafften uns Eintritt, obwohl die Türen geschlossen waren.	120
Also, ich musste einfach die Summen nehmen und es versuchen es so zu machen.	Ich bin zuversichtlich, dass die Summe alles ist, was ich brauche, um das herauszufinden.	127
Also, ich musste einfach die Summen nehmen und es versuchen es so zu machen.	Ich habe keine Ahnung, was ich nur mit den Summen machen kann, bitte gib mir mehr Details, um dieses Chaos zu verstehen.	128
Also, ich musste einfach die Summen nehmen und es versuchen es so zu machen.	Ich werde es auf den Gesamtbeträgen basierend berechnen.	129
Er kam, er öffnete die Tür und ich erinnere mich daran dass ich zurück schaute und den Ausdruck auf seinem Gesicht sah, und ich wusste, dass er enttäuscht war.	Er war so aufgeregt und freute sich so sehr, dass er beinahe die Tür aus dem Rahmen gedrückt hätte.	130
Er kam, er öffnete die Tür und ich erinnere mich daran dass ich zurück schaute und den Ausdruck auf seinem Gesicht sah, und ich wusste, dass er enttäuscht war.	Er versuchte, uns nicht schuldig fühlen zu lassen, aber wir wussten, dass wir ihm Schwierigkeiten bereitet hatten.	131
Er kam, er öffnete die Tür und ich erinnere mich daran dass ich zurück schaute und den Ausdruck auf seinem Gesicht sah, und ich wusste, dass er enttäuscht war.	Allein an den Ausdruck in seinem Gesicht, als er durch die Tür kam, erkannte ich, dass er enttäuscht war.	132
Also, ich habe keine spezifischen Geschichten.	Ich habe keinen speziellen Laden.	133
Also, ich habe keine spezifischen Geschichten.	Ich habe 1 bestimmten Laden.	134
Also, ich habe keine spezifischen Geschichten.	Es gibt viele Geschäfte.	135
Und so war es, er musste nie wirklich etwas für sich selbst tun.	Er bekommt viel Hilfe.	142
Und so war es, er musste nie wirklich etwas für sich selbst tun.	Er bekommt Hilfe mit seinen Mahlzeiten und der Kleidung.	143
Und so war es, er musste nie wirklich etwas für sich selbst tun.	Er ist sehr unabhängig.	144
Also ich so, Oh mein Gott und Ramona hat da gestanden.	Ramona lag zusammengerollt auf dem Boden.	148
Also ich so, Oh mein Gott und Ramona hat da gestanden.	Ramona musterte mich schweigend.	149
Also ich so, Oh mein Gott und Ramona hat da gestanden.	Ramona war aufrecht, während ich mit Bewunderung da war.	150
Und Tatsache ist, dass sie Licht war!	Sie aß zu viel, behielt aber trotzdem ihr Gewicht bei.	154
Und Tatsache ist, dass sie Licht war!	Sie wog überhaupt nicht viel.	155
Und Tatsache ist, dass sie Licht war!	Sie war sehr glücklich.	156
Ich weiß nicht ob er danach in Augusta geblieben ist.	Er lebte auch nach den Anschlägen in Augusta.	163
Ich weiß nicht ob er danach in Augusta geblieben ist.	Er wohnte weiterhin in Augusta.	164
Ich weiß nicht ob er danach in Augusta geblieben ist.	Er zog sofort aus Augusta heraus.	165
Bei allem was wir taten, sagten sie uns nie wo sie hingingen, nicht einmal wenn sie die Basis verließen um für eine Weile anderswo zu bleiben.	Ich habe nie gefragt, wohin sie gehen.	166
Bei allem was wir taten, sagten sie uns nie wo sie hingingen, nicht einmal wenn sie die Basis verließen um für eine Weile anderswo zu bleiben.	Sie ließen uns immer wissen, wo sie waren und wohin sie gingen.	167
Bei allem was wir taten, sagten sie uns nie wo sie hingingen, nicht einmal wenn sie die Basis verließen um für eine Weile anderswo zu bleiben.	Sie sagten uns nie wo sie hingingen.	168
Sie sagten: Wir zahlen für einen Platz, damit du bleibst.	Sie werden für nichts im Voraus zahlen.	175
Sie sagten: Wir zahlen für einen Platz, damit du bleibst.	Sie bezahlen für mich und meine Geschwister Unterkunft.	176
Sie sagten: Wir zahlen für einen Platz, damit du bleibst.	Sie bezahlen für die Unterkunft.	177
Nun, am nächsten Tag blockierte natürlich Präsident Kennedy Kuba und, äh, unsere Schiffe stoppten ein russisches Schiff, das außerhalb von Kuba unterwegs war, und sie fanden Raketen auf diesem.	Kennedy befahl unseren Truppen, nach Raketen zu suchen.	178
Nun, am nächsten Tag blockierte natürlich Präsident Kennedy Kuba und, äh, unsere Schiffe stoppten ein russisches Schiff, das außerhalb von Kuba unterwegs war, und sie fanden Raketen auf diesem.	Sie haben keine Schiffe angehalten, weil sie keinen Konflikt wollten.	179
Nun, am nächsten Tag blockierte natürlich Präsident Kennedy Kuba und, äh, unsere Schiffe stoppten ein russisches Schiff, das außerhalb von Kuba unterwegs war, und sie fanden Raketen auf diesem.	Sie haben 20 Raketen auf dem Schiff gefunden.	180
Jedenfalls kommt der Mann herein.	Der Mann betrat den Gerichtssaal.	181
Jedenfalls kommt der Mann herein.	Der Mann betrat den Raum.	182
Jedenfalls kommt der Mann herein.	Der Mann rannte in die andere Richtung.	183
Ähm, meine Großeltern waren immer sehr, sehr liebevolle Menschen und einige von meinen Eltern waren auch so, und wir hatten einfach eine tolle Zeit dort unten.	Die Fahrt zum Haus meiner Großeltern dauerte lange.	184
Ähm, meine Großeltern waren immer sehr, sehr liebevolle Menschen und einige von meinen Eltern waren auch so, und wir hatten einfach eine tolle Zeit dort unten.	Meine Großeltern waren ein sehr liebendes Paar.	185
Ähm, meine Großeltern waren immer sehr, sehr liebevolle Menschen und einige von meinen Eltern waren auch so, und wir hatten einfach eine tolle Zeit dort unten.	Meine Großeltern waren immer sehr griesgrämig und wir haben es nie gemocht, zu ihrem Haus zu gehen.	186
Ich hatte keine Zeit, um alles Mögliche zu betreten.	Ich hätte es später eingeben können.	196
Ich hatte keine Zeit, um alles Mögliche zu betreten.	Ich habe es alles rechtzeitig eingegeben.	197
Ich hatte keine Zeit, um alles Mögliche zu betreten.	Ich hatte keine Zeit mehr, es alles einzugeben.	198
Und hmm, eine meiner Aufgaben zu der Zeit war es Einzelpersonen beizubringen, wie sie Fallschirme auf die Zünder von Atomwaffen setzen, damit hmm, wodurch die Atombombe explodiert.	Die Atombombe hat keinen Auslöser.	199
Und hmm, eine meiner Aufgaben zu der Zeit war es Einzelpersonen beizubringen, wie sie Fallschirme auf die Zünder von Atomwaffen setzen, damit hmm, wodurch die Atombombe explodiert.	Der Zünder zündet die Bombe, wenn er gezogen wird.	200
Und hmm, eine meiner Aufgaben zu der Zeit war es Einzelpersonen beizubringen, wie sie Fallschirme auf die Zünder von Atomwaffen setzen, damit hmm, wodurch die Atombombe explodiert.	Man braucht nur ein winizges bisschen Kraft um den Auslöser der Atombombe to ziehen.	201
Meine Großmutter erzählte mir viele verschiedene Geschichten über ihre heranwachsenden Jahre und, ähm, besonders, uh, sprach sie über ihre Familie und wie es damals war.	Ich habe mir die Geschichten meiner Großmutter immer gerne angehört.	202
Meine Großmutter erzählte mir viele verschiedene Geschichten über ihre heranwachsenden Jahre und, ähm, besonders, uh, sprach sie über ihre Familie und wie es damals war.	Meine Großmutter hat sich immer geweigert, über ihre Kindheit zu sprechen.	203
Meine Großmutter erzählte mir viele verschiedene Geschichten über ihre heranwachsenden Jahre und, ähm, besonders, uh, sprach sie über ihre Familie und wie es damals war.	Meine Großmutter erzählte mir  viele Dinge über ihre Familie von der Zeit in der sie aufwuchs.	204
Wir trugen Druckanzüge im Flugzeug, so wie ihn Astronauten tragen, nur dass unsere vollkommen silberfarben waren, silberfarbene äh Stiefel und alles, um natürlich die Hitze zurückzuwerfen.	Unsere Anzüge waren nichts dergleichen was die Astronauten hatten.	205
Wir trugen Druckanzüge im Flugzeug, so wie ihn Astronauten tragen, nur dass unsere vollkommen silberfarben waren, silberfarbene äh Stiefel und alles, um natürlich die Hitze zurückzuwerfen.	Unsere Anzüge waren die gleichen wie bei Astronauten, außer um Hitze zu reflektieren waren unsere silber.	206
Wir trugen Druckanzüge im Flugzeug, so wie ihn Astronauten tragen, nur dass unsere vollkommen silberfarben waren, silberfarbene äh Stiefel und alles, um natürlich die Hitze zurückzuwerfen.	Sie können die Anzüge in jeder gewünschten Farbe erhalten.	207
Und er war, mein Großvater war kein netter Mensch	Mein Opa war ein Idiot.	208
Und er war, mein Großvater war kein netter Mensch	Mein Großvater war sehr rassistisch und gemein.	209
Und er war, mein Großvater war kein netter Mensch	Mein Opa war der netteste Mann, den du jemals treffen wirst!	210
Es sind 30 oder 40 U2 Flugzeuge und wir haben begonnen Chinesische und britische Piloten, praktisch Piloten von Verbündeten auf der ganzen Welt, in ihnen zu trainieren	Wir hatten mit niemandem trainiert.	211
Es sind 30 oder 40 U2 Flugzeuge und wir haben begonnen Chinesische und britische Piloten, praktisch Piloten von Verbündeten auf der ganzen Welt, in ihnen zu trainieren	Wir trainierten 5 Wochen lang mit den Brieten.	212
Es sind 30 oder 40 U2 Flugzeuge und wir haben begonnen Chinesische und britische Piloten, praktisch Piloten von Verbündeten auf der ganzen Welt, in ihnen zu trainieren	Wir haben mit einer Menge anderer Soldaten trainiert.	213
Also, sie ist wie, Ok schau, schau das in dem und dem Unternehmen nach	Sie hat nicht mit mir gesprochen.	214
Also, sie ist wie, Ok schau, schau das in dem und dem Unternehmen nach	Sie sagte mir, ich solle etwas nachschlagen.	215
Also, sie ist wie, Ok schau, schau das in dem und dem Unternehmen nach	Sie sagte mir ich sollte mir ihre Finanzunterlagen ansehen.	216
Er sagte dass sie in den Norden gegangen sind.	Er sagte, dass er ein paar Zwischenstopps gemacht hätte.	217
Er sagte dass sie in den Norden gegangen sind.	Er sagte, dass sie nach Süden gingen.	218
Er sagte dass sie in den Norden gegangen sind.	Er sagte, sie seien in den Norden gegangen.	219
Hmm, nein, ehrlich gesagt habe ich noch nie eines der Bücher gelesen, die ich lesen sollte.	Ich habe keine Bücher gelesen, die länger als 100 Seiten sind.	235
Hmm, nein, ehrlich gesagt habe ich noch nie eines der Bücher gelesen, die ich lesen sollte.	Ich habe nicht viele Bücher gelesen.	236
Hmm, nein, ehrlich gesagt habe ich noch nie eines der Bücher gelesen, die ich lesen sollte.	Ich lese Bücher jeden Tag.	237
Ich ging voran und nahm das Gepäck und ging zu der Adresse, so wie ich sollte.	Ich ließ die Tasche liegen und dachte mir, es sei nicht mein Problem.	238
Ich ging voran und nahm das Gepäck und ging zu der Adresse, so wie ich sollte.	Ich nahm die Tasche zu seiner Wohnung.	239
Ich ging voran und nahm das Gepäck und ging zu der Adresse, so wie ich sollte.	Ich habe die Tasche dorthin gebracht, wo sie hingehört.	240
Es war ein unglaublicher Gefühlsumschwung.	Ihre Laune blieb komplett konsistent.	241
Es war ein unglaublicher Gefühlsumschwung.	Sie wechselte von glücklich zu traurig.	242
Es war ein unglaublicher Gefühlsumschwung.	Die Stimmung hat sich sehr verändert.	243
Sie haben mich über etwa 15 Personen ausgewählt, um zu dieser Schule zu gehen, und ich bin es nicht, ich nicht.	Ich wurde nicht ausgewählt, die Schule zu besuchen.	244
Sie haben mich über etwa 15 Personen ausgewählt, um zu dieser Schule zu gehen, und ich bin es nicht, ich nicht.	Ich wurde auserwählt um auf diese Schule zu gehen.	245
Sie haben mich über etwa 15 Personen ausgewählt, um zu dieser Schule zu gehen, und ich bin es nicht, ich nicht.	Ich war der glaubwürdigste Kandidat.	246
Sie müssen durch zahlreiche Luftdruckkammern, eh, Fahrten gehen, ehe sie überhaupt U2's fliegen oder mit Druckanzug fliegen.	Die meisten Leute scheitern an den Tests und bekommen nie U2s zum fliegen.	247
Sie müssen durch zahlreiche Luftdruckkammern, eh, Fahrten gehen, ehe sie überhaupt U2's fliegen oder mit Druckanzug fliegen.	Sie müssen viel trainieren, bevor sie U2's fliegen.	248
Sie müssen durch zahlreiche Luftdruckkammern, eh, Fahrten gehen, ehe sie überhaupt U2's fliegen oder mit Druckanzug fliegen.	Die haben dich gerade U2s an deinem ersten Tag fliegen lassen.	249
Ich decke den gleichen Stoff ab.	Ich nahm völlig neue Themen durch.	253
Ich decke den gleichen Stoff ab.	Ich berichte das gleiche Zeug wie die anderen Magazine.	254
Ich decke den gleichen Stoff ab.	Ich spreche über die gleichen Dinge über die sie auch gesprochen haben.	255
Dies war das erste Mal in 75 Jahren, dass der Staat Texas eine Militäreinheit zu Texas-Botschafter gewählt hat und daher Texas-Botschafter benötigt hat.	Militärische Einsatzkräfte dürfen keine TX-Botschafter sein.	256
Dies war das erste Mal in 75 Jahren, dass der Staat Texas eine Militäreinheit zu Texas-Botschafter gewählt hat und daher Texas-Botschafter benötigt hat.	Die Militäreinheit wurde als TX-Botschafter im US-Kongress benannt.	257
Dies war das erste Mal in 75 Jahren, dass der Staat Texas eine Militäreinheit zu Texas-Botschafter gewählt hat und daher Texas-Botschafter benötigt hat.	Die Militäreinheit wurde TX Ambassadors genannt	258
Wenn es nur etwas gäbe, was ich tun könnte.	Ich könnte etwas tun.	259
Wenn es nur etwas gäbe, was ich tun könnte.	Ich wusste, es gab nichts, das ich tun könnte.	260
Wenn es nur etwas gäbe, was ich tun könnte.	Ich glaube, ich hätte etwas tun können um ihn zu retten.	261
Sie hasste es und sie sagte das ihrer Schwester jeden Tag. Sie sagte dass, dass Du es falsch machst.	Sie hat ihre Schwester immer ermutigt.	262
Sie hasste es und sie sagte das ihrer Schwester jeden Tag. Sie sagte dass, dass Du es falsch machst.	Sie machte deutlich, dass ihre Schwester nichts richtig machen konnte.	263
Sie hasste es und sie sagte das ihrer Schwester jeden Tag. Sie sagte dass, dass Du es falsch machst.	Sie war sehr kritisch gegenüber ihrer Schwester.	264
Also ging ich zu ihrem Haus und dann rief ich diese Nummer an, die ich anrufen sollte, als ich dort ankam.	Ich habe mir ihr Telefon geliehen, um den Anruf zu tätigen.	268
Also ging ich zu ihrem Haus und dann rief ich diese Nummer an, die ich anrufen sollte, als ich dort ankam.	Ich rief die Nummer an, als ich bei ihr ankam.	269
Also ging ich zu ihrem Haus und dann rief ich diese Nummer an, die ich anrufen sollte, als ich dort ankam.	Ich hätte anrufen sollen, aber ich habe es nicht getan.	270
Nun, ich komme dort heute morgen an und, äh, ich habe vergessen wie, ich glaube, ich habe entweder eine Frage gestellt und er kam dort hin oder was auch immer.	Ich bin heute nicht gegangen, also habe ich ihn nicht gesehen.	271
Nun, ich komme dort heute morgen an und, äh, ich habe vergessen wie, ich glaube, ich habe entweder eine Frage gestellt und er kam dort hin oder was auch immer.	Ich war heute im Fitnessstudio und er kam später und sagte Hallo.	272
Nun, ich komme dort heute morgen an und, äh, ich habe vergessen wie, ich glaube, ich habe entweder eine Frage gestellt und er kam dort hin oder was auch immer.	Ich bin heute Morgen erschienen und er kam auch.	273
Wir wussten nicht wo sie hin gegangen sind.	Wir wussten nicht, wo die Gruppe auf der Autobahn unterwegs war.	274
Wir wussten nicht wo sie hin gegangen sind.	Wir wussten nicht, wohin die Leute reisten.	275
Wir wussten nicht wo sie hin gegangen sind.	Wir wussten genau wo sie hin gingen.	276
Aber ich sagte, vergiss es, ich werde Mittag essen, ich war hungrig.	Ich hatte überhaupt keinen Appetit.	277
Aber ich sagte, vergiss es, ich werde Mittag essen, ich war hungrig.	Ich hatte Hunger, deshalb beschloss ich, mein Mittagessen zu essen.	278
Aber ich sagte, vergiss es, ich werde Mittag essen, ich war hungrig.	Ich war am verhungern, also ging ich in die Cafeteria.	279
Also, lass mich dir sagen, heute bin ich an dem Punkt angelangt, der mich beinahe zum hinschmeissen gebracht hätte.	Ich habe fast aufgegeben.	283
Also, lass mich dir sagen, heute bin ich an dem Punkt angelangt, der mich beinahe zum hinschmeissen gebracht hätte.	Ich hatte so viel Kummer wegen ihnen, dass ich es nicht mehr aushalten konnte.	284
Also, lass mich dir sagen, heute bin ich an dem Punkt angelangt, der mich beinahe zum hinschmeissen gebracht hätte.	Es ist mir nie der Gedanke gekommen aufzuhören.	285
Er wurde in den 1880igern geboren, wie 188, ich glaube 1889, Ich glaube da wurde er geboren.	Er wurde vor dem Jahr 1900 geboren.	292
Er wurde in den 1880igern geboren, wie 188, ich glaube 1889, Ich glaube da wurde er geboren.	Er ist im Jahr 1880 geboren.	293
Er wurde in den 1880igern geboren, wie 188, ich glaube 1889, Ich glaube da wurde er geboren.	Er wurde erst 1984 geboren.	294
Du drehst die kleine Schraube besser etwas nach unten weil du könntest sonst beschädigen und anderen ihre lunge sehr leicht	Diese Schraube kann jemandes Lunge verletzen.	295
Du drehst die kleine Schraube besser etwas nach unten weil du könntest sonst beschädigen und anderen ihre lunge sehr leicht	Die Schraube birgt keine Risiken, also ziehen Sie sie so fest wie Sie wollen.	296
Du drehst die kleine Schraube besser etwas nach unten weil du könntest sonst beschädigen und anderen ihre lunge sehr leicht	Die Schraube kommt in die Luftröhre und kann die Lunge verletzen.	297
Ich bekam den Befehl, nach Del Rio, Texas, zu fahren. Als ich dort ankam, wusste ich, dass ich zur Laughlin Air Force Base musste.	Ich wurde zum Arbeiten nach Del Rio in Texas geschickt.	298
Ich bekam den Befehl, nach Del Rio, Texas, zu fahren. Als ich dort ankam, wusste ich, dass ich zur Laughlin Air Force Base musste.	Ich war nie nach Texas gegangen.	299
Ich bekam den Befehl, nach Del Rio, Texas, zu fahren. Als ich dort ankam, wusste ich, dass ich zur Laughlin Air Force Base musste.	Die Air Force sendete mich zu Del Rio, Tx im Jahre 2001.	300
Jeder bekommt Champagner und einige Leute trinken es nicht, also was bleibt, trinken die Kinder, also gingen wir herum und tranken all diesen Champagner.	Die Kinder tranke 3 Flaschen Champagner.	301
Jeder bekommt Champagner und einige Leute trinken es nicht, also was bleibt, trinken die Kinder, also gingen wir herum und tranken all diesen Champagner.	Die Kinder tranken etwas Champagner.	302
Jeder bekommt Champagner und einige Leute trinken es nicht, also was bleibt, trinken die Kinder, also gingen wir herum und tranken all diesen Champagner.	Die ganze Party war trocken und es wurde kein Alkohol serviert.	303
Es gibt viele Geschichten um die nackte Stadt	Ich habe keine Geschichten gehört.	304
Es gibt viele Geschichten um die nackte Stadt	Es gibt viele Geschichten über das Militär.	305
Es gibt viele Geschichten um die nackte Stadt	Es gibt viele Geschichten, die erzählt werden.	306
Weißt du, du lebst und lernst wenn du Flugzeuge testest.	Ich weiß nichts über das Testen von Flugzeugen.	307
Weißt du, du lebst und lernst wenn du Flugzeuge testest.	Das Testen von Flugzeugen lehrt Sie eine Menge an Lektionen.	308
Weißt du, du lebst und lernst wenn du Flugzeuge testest.	Das Testen von Flugzeugen lehrt mit Druck umzugehen.	309
Ich meine, das war der ganze Punkt.	Ich verstehe den Punkt nicht.	310
Ich meine, das war der ganze Punkt.	Ich denke, der Punkt war, uns zu erzählen, wie gefährlich es war.	311
Ich meine, das war der ganze Punkt.	Ich habe die Aussage verstanden.	312
Es war von einem Luftwaffenstützpunkt, der über Kuba geflogen ist, und natürlich wurde Rudolph Anderson abgeschossen.	Alle Flugzeuge überstanden es, ohne abgeschossen zu werden.	313
Es war von einem Luftwaffenstützpunkt, der über Kuba geflogen ist, und natürlich wurde Rudolph Anderson abgeschossen.	Etwas wurde über Kuba abgeschossen.	314
Es war von einem Luftwaffenstützpunkt, der über Kuba geflogen ist, und natürlich wurde Rudolph Anderson abgeschossen.	Das riesige Passagierflugzeug wurde im Mai über Kuba abgeschossen.	315
Das ist wahrscheinlich das erste woran ich mich aus meiner frühen Kindheit erinnere, äh, vor allem wenn ich etwas falsch gemacht hatte.	Ich habe keine Erinnerungen an meine Kindheit.	319
Das ist wahrscheinlich das erste woran ich mich aus meiner frühen Kindheit erinnere, äh, vor allem wenn ich etwas falsch gemacht hatte.	Ich fühle mich bis heute schlecht.	320
Das ist wahrscheinlich das erste woran ich mich aus meiner frühen Kindheit erinnere, äh, vor allem wenn ich etwas falsch gemacht hatte.	Es war eine meiner ersten Erinnerungen.	321
Sie haben einfach nicht gemocht, wie es damals war, schwarz zu sein, und das war, weißt du, ich vermute, das war wahrscheinlich, weißt du, in den frühen 1930er Jahren, als sie das taten.	Es war schwer, im Süden schwarz zu sein.	322
Sie haben einfach nicht gemocht, wie es damals war, schwarz zu sein, und das war, weißt du, ich vermute, das war wahrscheinlich, weißt du, in den frühen 1930er Jahren, als sie das taten.	Es war so einfach schwarz zu sein!	323
Sie haben einfach nicht gemocht, wie es damals war, schwarz zu sein, und das war, weißt du, ich vermute, das war wahrscheinlich, weißt du, in den frühen 1930er Jahren, als sie das taten.	Damals war es schwer, schwarz zu sein.	324
Niemand wusste, wo sie hingegangen waren.	Alle wussten genau wohin sie gingen.	331
Niemand wusste, wo sie hingegangen waren.	Niemand wusste, in welches Haus sie gingen.	332
Niemand wusste, wo sie hingegangen waren.	Ihr Reiseziel war ein Geheimnis.	333
Und sie konnten nicht in der Augusta Region bleiben, weil die Menschen dort wussten, dass sie versucht hatten etwas sehr tabuisiertes zu tun, und versucht hatten als Weiße durchzugehen.	Die Leute hatten keine Ahnung, dass sie keine Weißen waren.	334
Und sie konnten nicht in der Augusta Region bleiben, weil die Menschen dort wussten, dass sie versucht hatten etwas sehr tabuisiertes zu tun, und versucht hatten als Weiße durchzugehen.	Menschen waren sich bewusst, dass sie Afroamerikaner waren.	335
Und sie konnten nicht in der Augusta Region bleiben, weil die Menschen dort wussten, dass sie versucht hatten etwas sehr tabuisiertes zu tun, und versucht hatten als Weiße durchzugehen.	Den Menschen war es bewusst, dass sie nicht weiß waren.	336
Ja, nun, er ist hier.	Der Mann ist anwesend.	337
Ja, nun, er ist hier.	Der Typ tauchte hier gerade vor 2 Minuten auf.	338
Ja, nun, er ist hier.	Der Typ kam nie hierher.	339
Wir haben etwas im Fernsehen angeschaut.	Wir besaßen keinen Fernseher.	340
Wir haben etwas im Fernsehen angeschaut.	Wir schauten auf den Fernseher.	341
Wir haben etwas im Fernsehen angeschaut.	Wir haben die Fernsehnachrichten gesehen.	342
Jedenfalls denke ich, dass ich wieder mit Ramona gesprochen habe.	Ich habe noch nie mit Ramona gesprochen.	343
Jedenfalls denke ich, dass ich wieder mit Ramona gesprochen habe.	Ich sprach ein anderes Mal mit Ramona.	344
Jedenfalls denke ich, dass ich wieder mit Ramona gesprochen habe.	Es war eine angenehme Unterhaltung.	345
Er war das einzige Opfer der kubanischen Krise, und ähm, Kaiser ähm, er machte die Fotos und flug sofort zu der Andrews Air Force in Washington.	10000 Menschen sind in der cubanischen Krise gestorben.	352
Er war das einzige Opfer der kubanischen Krise, und ähm, Kaiser ähm, er machte die Fotos und flug sofort zu der Andrews Air Force in Washington.	Nur eine Person starb in der Kubanischen Krise.	353
Er war das einzige Opfer der kubanischen Krise, und ähm, Kaiser ähm, er machte die Fotos und flug sofort zu der Andrews Air Force in Washington.	Nur eine Person kam in der Kubakrise bei einem Unfall ums Leben.	354
Ähm, und sie sagte, sagte sie, sie sagte: Baby, sagte sie, du verstehst das Leben nicht so, wie ich das Leben verstehe.	Sie sagte, sie hatte keine Ahnung.	355
Ähm, und sie sagte, sagte sie, sie sagte: Baby, sagte sie, du verstehst das Leben nicht so, wie ich das Leben verstehe.	Sie sagte, dass sie mehr über das Leben wusste.	356
Ähm, und sie sagte, sagte sie, sie sagte: Baby, sagte sie, du verstehst das Leben nicht so, wie ich das Leben verstehe.	Sie sagte mir, ich hätte keine Ahnung, wie die echte Welt funktioniert und ich sollte ihr folgen.	357
Dann bekomme ich es und ich denke toll, was mache ich damit?	Ich weiß nicht, wie ich die Verhütungsmittel benutzen sollte.	358
Dann bekomme ich es und ich denke toll, was mache ich damit?	Ich weiß nicht, wofür ich es benutzen sollte.	359
Dann bekomme ich es und ich denke toll, was mache ich damit?	Ich wusste ganz genau, wozu ich es verwenden konnte!	360
Gib mir nur eine Minute, wenn du es abschneiden willst, ich würde, äh, gehen.	Ich bin bereit, jetzt zu gehen.	367
Gib mir nur eine Minute, wenn du es abschneiden willst, ich würde, äh, gehen.	Ich brauche eine Minute hier.	368
Gib mir nur eine Minute, wenn du es abschneiden willst, ich würde, äh, gehen.	Ich muss mich einen Moment lang sammeln.	369
Also bin ich, also bin ich nach Washington D.C. gegangen und ich bin nicht direkt nach, ähm, dorthin gegangen, wohin ich laut meiner Anweisungen gehen sollte.	Ich war noch nie in Washington DC.	370
Also bin ich, also bin ich nach Washington D.C. gegangen und ich bin nicht direkt nach, ähm, dorthin gegangen, wohin ich laut meiner Anweisungen gehen sollte.	Ich ging nach DC, um meinen Vorgesetzten zu sehen.	371
Also bin ich, also bin ich nach Washington D.C. gegangen und ich bin nicht direkt nach, ähm, dorthin gegangen, wohin ich laut meiner Anweisungen gehen sollte.	Ich ging zur Hauptstadt der Nation.	372
Sie war eine hellhäutige schwarze Person.	Sie hatte sehr dunkle haut.	376
Sie war eine hellhäutige schwarze Person.	Sie hatte helle Haut für eine afroamerikanische Person.	377
Sie war eine hellhäutige schwarze Person.	Ihre haut war heller, als die, des Rests ihrer schwarzen Freunde.	378
Wie auch immer, Papa geht und macht dieses schöne große Glas Schokoladenmilch für mich.	Papa brachte mir Schokomilch vom Kühlschrank.	379
Wie auch immer, Papa geht und macht dieses schöne große Glas Schokoladenmilch für mich.	Papa schenkte mir ein Glas Milch ein.	380
Wie auch immer, Papa geht und macht dieses schöne große Glas Schokoladenmilch für mich.	Mein Vater sagte dass ich keinen Drink haben durfte.	381
Der DOT musste das Grundstück und das ganze Zeug kaufen.	Dem Verkehrsministerium gelang es, ein anderes Grundstück finden, das sie stattdessen mieten konnten.	382
Der DOT musste das Grundstück und das ganze Zeug kaufen.	Das Grundstück und die Ausrüstung wurden vom Verkehrsministerium gekauft.	383
Der DOT musste das Grundstück und das ganze Zeug kaufen.	Der Kauf des Grundstücks kostete den DOT mehr als drei millionen dollar.	384
Er wäre geboren worden	Er hätte im Dezember 2010 geboren werden sollen.	391
Er wäre geboren worden	Er sollte geboren werden.	392
Er wäre geboren worden	Er sollte nicht geboren werden.	393
Ich bin wie, ich weiß, wie weit ich gekommen bin.	Ich sagte ihnen, dass ich nicht wusste, was ich tat.	397
Ich bin wie, ich weiß, wie weit ich gekommen bin.	Ich erzählte ihnen, dass ich wusste, dass ich ihre Erwartungen um 40% übertroffen hatte.	398
Ich bin wie, ich weiß, wie weit ich gekommen bin.	Ich sagte ihnen, ich weiß, was ich erreicht habe.	399
OK, kannst du mich hören?	Kannst du mich jetzt gerade hören?	400
OK, kannst du mich hören?	Kannst du hören, was ich sage?	401
OK, kannst du mich hören?	Ich weiß, dass du mich nicht hören kannst.	402
Ähm, gibt es welche, du hast gesagt du erinnerst dich nicht daran etwas besonders gelesen zu haben, als du in der Schule älter warst, gab es irgendwelche Bücher, die du gelesen hast, die du mochtest oder gehasst hast?	Mochten Sie die Harry Potter Bücher oder nicht?	409
Ähm, gibt es welche, du hast gesagt du erinnerst dich nicht daran etwas besonders gelesen zu haben, als du in der Schule älter warst, gab es irgendwelche Bücher, die du gelesen hast, die du mochtest oder gehasst hast?	Hast du bestimmte Bücher gemocht oder gehasst?	410
Ähm, gibt es welche, du hast gesagt du erinnerst dich nicht daran etwas besonders gelesen zu haben, als du in der Schule älter warst, gab es irgendwelche Bücher, die du gelesen hast, die du mochtest oder gehasst hast?	Ich weiß, dass Du jedes Buch, das Du geselen hast, geliebt hast.	411
Es ist eine kleine Schraube, die eine Einspritzung, sondern den, den Atemdruckschlauch zum Piloten und Gegendruck eingestellt hat.	Die Schraube beeinflusst den Druck.	415
Es ist eine kleine Schraube, die eine Einspritzung, sondern den, den Atemdruckschlauch zum Piloten und Gegendruck eingestellt hat.	Die Schraube ist winzig und silbern.	416
Es ist eine kleine Schraube, die eine Einspritzung, sondern den, den Atemdruckschlauch zum Piloten und Gegendruck eingestellt hat.	Es gibt keine Schrauben, nur Knöpfe.	417
Sie sagt: Mach dir keine Sorgen, weißt du, nimm dir einfach Zeit.	Sie sagte mir, ich müsse mich sofort beeilen.	418
Sie sagt: Mach dir keine Sorgen, weißt du, nimm dir einfach Zeit.	Sie sagte mir, es wäre in Ordnung, wenn ich Stunden brauchen würde.	419
Sie sagt: Mach dir keine Sorgen, weißt du, nimm dir einfach Zeit.	Sie sagte mir, ich solle nur langsamer fahren.	420
Präsident Kennedy sagt zu den Piloten, sagt, meine Herren, machen Sie gute Bilder.	Kennedy erkannte sie nicht an.	421
Präsident Kennedy sagt zu den Piloten, sagt, meine Herren, machen Sie gute Bilder.	Kennedy sprach mit den Air Force Piloten.	422
Präsident Kennedy sagt zu den Piloten, sagt, meine Herren, machen Sie gute Bilder.	Kennedy sprach mit den Piloten.	423
Und ich sagte etwas wie: ich bin fast fertig.	Ich sagte ihm, dass ich in 10 Minuten fertig wäre.	424
Und ich sagte etwas wie: ich bin fast fertig.	Ich sagte ihm, dass ich nie fertig werden würde.	425
Und ich sagte etwas wie: ich bin fast fertig.	Ich sagte ihnen, ich sei beinahe fertig.	426
Ich versuchte, alles zu notieren.	Ich wollte Dinge niederschreiben.	427
Ich versuchte, alles zu notieren.	Ich habe mir nicht die Mühe gemacht, etwas aufzuschreiben.	428
Ich versuchte, alles zu notieren.	Ich schrieb jedes Werk sie sagte auf.	429
Nein, sie wurde 1900 geboren, weil sie 16 war, und so muss es gewesen sein wie 1926, 19, weißt du,  vor 1930.	Sie wurde am 1. Januar 1900 geboren.	430
Nein, sie wurde 1900 geboren, weil sie 16 war, und so muss es gewesen sein wie 1926, 19, weißt du,  vor 1930.	Sie wurde um die Jahrhundertwende geboren.	431
Nein, sie wurde 1900 geboren, weil sie 16 war, und so muss es gewesen sein wie 1926, 19, weißt du,  vor 1930.	Sie wurde erst 1943 geboren.	432
Es war also wirklich interessant.	Ich war mich sehr interessant für wie viel ich essen könnte.	436
Es war also wirklich interessant.	Ich war überhaupt nicht interessiert.	437
Es war also wirklich interessant.	Es war interessant für mich.	438
Ihre Schwester könnte als weiß durchgehen und ist tatsächlich als weiß durchgegangen.	Ihre Schwester hatte die hellste Haut von allen in der Nachbarschaft.	439
Ihre Schwester könnte als weiß durchgehen und ist tatsächlich als weiß durchgegangen.	Ihre Schwester wurde normalerweise für weiß gehalten.	440
Ihre Schwester könnte als weiß durchgehen und ist tatsächlich als weiß durchgegangen.	Shers Schwester ist sehr dunkel.	441
Nun, er war fast alt genug, um ihr Papa zu sein.	Er war 27 Jahre älter als sie.	442
Nun, er war fast alt genug, um ihr Papa zu sein.	Er war viel jünger als sie.	443
Nun, er war fast alt genug, um ihr Papa zu sein.	Er war älter als sie.	444
Dass, ich war der einzige 922, der Lebenserhaltungsmann, der andere Mann war eine physiologische Unterstützung.	Keiner gab irgendeine Art von Unterstützung.	445
Dass, ich war der einzige 922, der Lebenserhaltungsmann, der andere Mann war eine physiologische Unterstützung.	Ein Mann gab den Truppen physiologische Unterstützung.	446
Dass, ich war der einzige 922, der Lebenserhaltungsmann, der andere Mann war eine physiologische Unterstützung.	Ein Mann gab physiologische Unterstützung.	447
Und hier bin ich, denke er wird herrein kommen und so sein, du weißt schon, es nur an mir auslassen, du weißt, einfach nur wie ich es nicht machen könnte	Ich wusste, dass er nicht hierher kommen würde.	448
Und hier bin ich, denke er wird herrein kommen und so sein, du weißt schon, es nur an mir auslassen, du weißt, einfach nur wie ich es nicht machen könnte	Ich dachte, er käme hierher, um zu kämpfen.	449
Und hier bin ich, denke er wird herrein kommen und so sein, du weißt schon, es nur an mir auslassen, du weißt, einfach nur wie ich es nicht machen könnte	Ich dachte, dass er sich über meinen Tonfall beschweren würde.	450
Nun, natürlich, natürlich, wir hatten ein, wir konnten keinen Fehler machen.	Es ist OK wenn wir ein paar Fehler gemacht haben.	451
Nun, natürlich, natürlich, wir hatten ein, wir konnten keinen Fehler machen.	Wir durften keinen Fehler machen.	452
Nun, natürlich, natürlich, wir hatten ein, wir konnten keinen Fehler machen.	Uns war nicht erlaubt irgendetwas falsch zu schreiben.	453
Und, ja, aber, in der Nacht dachte ich, ich konnte nicht schlafen.	Ich hatte Probleme mit dem Schlaf heute Nacht.	454
Und, ja, aber, in der Nacht dachte ich, ich konnte nicht schlafen.	Ich hatte immer Albträume, die mich vom Schlafen abhielten.	455
Und, ja, aber, in der Nacht dachte ich, ich konnte nicht schlafen.	Ich schlafe nachts wie ein Baby!	456
Etwas, das sie wirklich hat, als grossartige Verteidigung.	Sie konnte sich selbst gegen wilde Hunde verteidigen.	457
Etwas, das sie wirklich hat, als grossartige Verteidigung.	Sie konnte sich gut verteidigen.	458
Etwas, das sie wirklich hat, als grossartige Verteidigung.	Sie war unglaublich verletzlich.	459
Ähm, so weit mir nie gesagt wurde--	Er erzählte ihm alles, was ich wissen musste	460
Ähm, so weit mir nie gesagt wurde--	Mir wurde nichts über das Sicherheitsprotokoll gesagt.	461
Ähm, so weit mir nie gesagt wurde--	Manchmal wird mir nichts gesagt.	462
Er lebte also in dieser Gegend.	Unser Zuhause war hier in der Nähe.	463
Er lebte also in dieser Gegend.	Unser Zuhause war weit weg von diesem Ort.	464
Er lebte also in dieser Gegend.	Unser Haus war zwei Straßen entfernt.	465
Und er redet so schnell, er ist am Telefon.	Er spricht so langsam wie er kann.	466
Und er redet so schnell, er ist am Telefon.	Er spricht in ein iPhone.	467
Und er redet so schnell, er ist am Telefon.	Er redet in sein Handy.	468
Ich kann mich nicht erinnern, was es war, aber plötzlich wurde ich wirklich nervös, dass ich zum ersten Mal in die Schule gehen würde und das war wahrscheinlich der stressigste Tag meines Lebens.	Ich war wirklich entspannt, was den Schulanfang angeht.	469
Ich kann mich nicht erinnern, was es war, aber plötzlich wurde ich wirklich nervös, dass ich zum ersten Mal in die Schule gehen würde und das war wahrscheinlich der stressigste Tag meines Lebens.	Ich war besorgt, in die Schule zu gehen.	470
Ich kann mich nicht erinnern, was es war, aber plötzlich wurde ich wirklich nervös, dass ich zum ersten Mal in die Schule gehen würde und das war wahrscheinlich der stressigste Tag meines Lebens.	Ich war besorgt über den Eintritt in den Kindergarten	471
Ich habe äh gleich außerhalb von St. Louis, zwischen Jefferson City und St. Louis, MO, gelebt.	Ich lebte in Texas.	475
Ich habe äh gleich außerhalb von St. Louis, zwischen Jefferson City und St. Louis, MO, gelebt.	Ich lebte in einem gelben Haus in Missouri.	476
Ich habe äh gleich außerhalb von St. Louis, zwischen Jefferson City und St. Louis, MO, gelebt.	Ich war in Missouri.	477
Ich meldete mich an einem bestimmten Platz in Del Rio, dann musste ich zur Laughlin Air Force Base gehen, die erst vor Kurzem wieder eröffnet worden war.	Die Laughlin Air Force Basis schloss für eine Weile.	481
Ich meldete mich an einem bestimmten Platz in Del Rio, dann musste ich zur Laughlin Air Force Base gehen, die erst vor Kurzem wieder eröffnet worden war.	Der Laughlin Stützpunkt der Luftwaffe ist immer geöffnet geblieben.	482
Ich meldete mich an einem bestimmten Platz in Del Rio, dann musste ich zur Laughlin Air Force Base gehen, die erst vor Kurzem wieder eröffnet worden war.	Die Laughlin Air Force Base beherbergt 10.000 Soldaten.	483
Es ist mir egal wie es dir geht.	Es ist mir egal, welche Farbe du wählst.	487
Es ist mir egal wie es dir geht.	Ich muss jedem Geschäft zustimmen.	488
Es ist mir egal wie es dir geht.	Es interessiert mich nicht wie du es zu Ende machst.	489
Also such ich, finde heraus wo Ramona ist und rufe sie dort an.	Ich habe Ramona zu meinem Haus herübergerufen.	490
Also such ich, finde heraus wo Ramona ist und rufe sie dort an.	Ich rief Ramona zu mir herüber.	491
Also such ich, finde heraus wo Ramona ist und rufe sie dort an.	Ich ignorierte Ramona.	492
In der Zwischenzeit kaufte die Air Force die SR71, nun A-12, an welcher wir mit der CIA arbeiteten.	Die Air Force kaufte 18 Flugzeuge.	496
In der Zwischenzeit kaufte die Air Force die SR71, nun A-12, an welcher wir mit der CIA arbeiteten.	Die Air Force kaufte Flugzeuge.	497
In der Zwischenzeit kaufte die Air Force die SR71, nun A-12, an welcher wir mit der CIA arbeiteten.	Die Air Force hatte keine Flugzeuge.	498
Also war der Ehemann ihrer Schwester auch hellhäutig?	Ihre Schwester ist mit einem schwarzen Mann verheiratet.	499
Also war der Ehemann ihrer Schwester auch hellhäutig?	Ihre Schwester ist verheiratet.	500
Also war der Ehemann ihrer Schwester auch hellhäutig?	Ihre Schwester ist Single.	501
Aber als sie älter wurde, ähm, hat sie nie zugegeben dass sie falsch lag, aber sie änderte ihr Verhalten.	Sie änderte ihr Verhalten überhaupt nicht.	502
Aber als sie älter wurde, ähm, hat sie nie zugegeben dass sie falsch lag, aber sie änderte ihr Verhalten.	Sie gab niemals zu, dass sie falsch lag.	503
Aber als sie älter wurde, ähm, hat sie nie zugegeben dass sie falsch lag, aber sie änderte ihr Verhalten.	Sie sagte nie, dass sie Recht hatte mit dem Hackbraten.	504
Mein Onkel, er ist ein super Typ.	Ich mag meinen Onkel sehr.	508
Mein Onkel, er ist ein super Typ.	Mein Onkel ist so ein Trottel!	509
Mein Onkel, er ist ein super Typ.	Mein Onkel ist sehr großzügig.	510
Ich bin zu meiner Schwester gegangen, die dort gewohnt hat. Ihr Mann war im Militär und arbeitete mit dem Geheimdienst zusammen und ich ging zu ihrem Haus.	Mein Schwager war in der Armee.	511
Ich bin zu meiner Schwester gegangen, die dort gewohnt hat. Ihr Mann war im Militär und arbeitete mit dem Geheimdienst zusammen und ich ging zu ihrem Haus.	Mein Schwager war im Dienst.	512
Ich bin zu meiner Schwester gegangen, die dort gewohnt hat. Ihr Mann war im Militär und arbeitete mit dem Geheimdienst zusammen und ich ging zu ihrem Haus.	Mein Bruder hat sich nie verpflichtet.	513
Ich würde denken: Nun, ich werde jemanden anderen gehen lassen, aber dann würde ich denken: Mein Gott!	Ich dachte, ich würde stattdessen jemanden anderen gehen lassen.	514
Ich würde denken: Nun, ich werde jemanden anderen gehen lassen, aber dann würde ich denken: Mein Gott!	Ich dachte, ich gebe meinen Platz in der Besprechung an jemand anderes ab.	515
Ich würde denken: Nun, ich werde jemanden anderen gehen lassen, aber dann würde ich denken: Mein Gott!	Ich würde niemand anderen gehen lassen.	516
Im einen Moment schlägt er er auf den Tisch ein, im nächsten meint er Okay, mach es auf meinem Tisch, dah dah dah dah dah.	Er ändert seine Meinung oft.	520
Im einen Moment schlägt er er auf den Tisch ein, im nächsten meint er Okay, mach es auf meinem Tisch, dah dah dah dah dah.	Er ändert seine Meinung, weil er nicht weiß, was er tut.	521
Im einen Moment schlägt er er auf den Tisch ein, im nächsten meint er Okay, mach es auf meinem Tisch, dah dah dah dah dah.	Er ist sehr beständig und ruhig.	522
So jedenfalls, ähm, er ist dann am Ende da reingekommen und er so, Wie geht's voran?	Er fragte, wie es so läuft.	526
So jedenfalls, ähm, er ist dann am Ende da reingekommen und er so, Wie geht's voran?	Er fragte, ob wir den Dokumentarfilm fertigstellen würden.	527
So jedenfalls, ähm, er ist dann am Ende da reingekommen und er so, Wie geht's voran?	Er hat überhaupt nicht mit uns gesprochen.	528
Dann habe ich mein Rad für ungefähr, ich weiß nicht, es schien den ganzen Tag an diesem Tag gedreht.	Ich beeilte mich und brachte es schnell hinter mich.	529
Dann habe ich mein Rad für ungefähr, ich weiß nicht, es schien den ganzen Tag an diesem Tag gedreht.	Ich saß zwei Stunden lang da.	530
Dann habe ich mein Rad für ungefähr, ich weiß nicht, es schien den ganzen Tag an diesem Tag gedreht.	Ich habe ewig Wasser getreten.	531
Und sie hatte Tuberkulose, und das wusste ich auch nicht.	Ich wusste nicht, dass sie fast an Tuberkulose gestorben wäre.	532
Und sie hatte Tuberkulose, und das wusste ich auch nicht.	Ich wusste nicht, dass sie TBC hatte.	533
Und sie hatte Tuberkulose, und das wusste ich auch nicht.	Ich wusste, dass sie sehr an TB erkrankt war.	534
Weißt du, du kannst nicht, du kannst nicht überleben, wenn du keinen Gegendruck hast, um den Atemdruck in diesen Höhen zu erhöhen.	Der Gegendruck töted dich jedes Mal.	535
Weißt du, du kannst nicht, du kannst nicht überleben, wenn du keinen Gegendruck hast, um den Atemdruck in diesen Höhen zu erhöhen.	Sie benötigen einen Gegendruck über 5000 Fuß.	536
Weißt du, du kannst nicht, du kannst nicht überleben, wenn du keinen Gegendruck hast, um den Atemdruck in diesen Höhen zu erhöhen.	Auf dieser Höhe brauchen Sie Gegendruck.	537
Ich begann sofort, äh, äh, Training in das von den anderen zwei Jungs, das vor Ort war.	Es wurde mir nie beigebracht, darum habe ich es einfach gelernt während ich es tat.	547
Ich begann sofort, äh, äh, Training in das von den anderen zwei Jungs, das vor Ort war.	Zwei Typen haben mich für die Arbeit in diesem Laden ausgebildet.	548
Ich begann sofort, äh, äh, Training in das von den anderen zwei Jungs, das vor Ort war.	Zwei Typen haben mich ausgebildet.	549
Wenn es ein Jota daneben war, musste man etwas an den Regler selbst anpassen.	Der Regler war nutzlos.	556
Wenn es ein Jota daneben war, musste man etwas an den Regler selbst anpassen.	Der Regler würde der ganze Druck dein Anzugs ändern.	557
Wenn es ein Jota daneben war, musste man etwas an den Regler selbst anpassen.	Sie müssten am Regler herum basteln.	558
Äh, ich war immer noch der Eine und Nur Neun Zwei Zwei, die je die Spritze auf den Regler gesetzt hatten.	Ich hatte den Injektor am Dienstag eingestellt.	559
Äh, ich war immer noch der Eine und Nur Neun Zwei Zwei, die je die Spritze auf den Regler gesetzt hatten.	Ich war ein 922.	560
Äh, ich war immer noch der Eine und Nur Neun Zwei Zwei, die je die Spritze auf den Regler gesetzt hatten.	Ich war nie eine 922.	561
Sie hat nicht mal die Hochzeitszeremonie verstanden, sie weiß nicht mal dass sie verheiratet wurde, wirklich--	Sie verstand nicht, dass sie für immer mit dem Kerl zusammen war, obwohl sie ihn nie getroffen hatte.	562
Sie hat nicht mal die Hochzeitszeremonie verstanden, sie weiß nicht mal dass sie verheiratet wurde, wirklich--	Sie verstand nicht, was passiert war.	563
Sie hat nicht mal die Hochzeitszeremonie verstanden, sie weiß nicht mal dass sie verheiratet wurde, wirklich--	Sie wusste, worauf sie sich einließ.	564
Wir würden dort reingehen.	Wir würden dort um 20 Uhr reingehen.	565
Wir würden dort reingehen.	Wir würden eintreten.	566
Wir würden dort reingehen.	Wir würden niemals rein gehen.	567
Und es war als ob sie ablehnte wer sie war, in gewisser Weise, so, weisst du, wie sie dich behandelt hat, wie die andern Enkelkinder.	Sie behandelt alle genauso.	568
Und es war als ob sie ablehnte wer sie war, in gewisser Weise, so, weisst du, wie sie dich behandelt hat, wie die andern Enkelkinder.	Sie behandelte die anderen Enkelkinder anders.	569
Und es war als ob sie ablehnte wer sie war, in gewisser Weise, so, weisst du, wie sie dich behandelt hat, wie die andern Enkelkinder.	Sie behandelte die anderen Enkelkinder anders, weil sie schwarz waren.	570
Es war sehr kühl und das Kleid flatterte im Wind etwas--	Das Kleid wogte im Wind.	571
Es war sehr kühl und das Kleid flatterte im Wind etwas--	Das Kleid war sehr kurz und wehte ein bisschen herum.	572
Es war sehr kühl und das Kleid flatterte im Wind etwas--	Es war windstill, also war auch das Kleid bewegungslos.	573
Hmm, ich habe die meiste Zeit mit, hmm, besonderen Aktivitäten verbracht.	Jeden zweiten Tag hatte ich „besondere Aktivitäten“.	574
Hmm, ich habe die meiste Zeit mit, hmm, besonderen Aktivitäten verbracht.	Ich war in besonderen Aktivitäten.	575
Hmm, ich habe die meiste Zeit mit, hmm, besonderen Aktivitäten verbracht.	Ich war niemals in Special Activities.	576
Und ich fragte ihn, weißt du, könnte ich es tun, ähm, möchtest du, dass ich bleibe und es heute Nacht mache oder ich könnte es bis morgen Mittag geschafft haben, wenn das in Ordnung ist.	Ich fragte wie dringend es war.	577
Und ich fragte ihn, weißt du, könnte ich es tun, ähm, möchtest du, dass ich bleibe und es heute Nacht mache oder ich könnte es bis morgen Mittag geschafft haben, wenn das in Ordnung ist.	Ich wusste, dass die Arbeit gerade jetzt erledigt werden musste.	578
Und ich fragte ihn, weißt du, könnte ich es tun, ähm, möchtest du, dass ich bleibe und es heute Nacht mache oder ich könnte es bis morgen Mittag geschafft haben, wenn das in Ordnung ist.	Ich fragte, ob der Klient sauer wäre, wenn er bis 14 Uhr warten würde, weil ich heute Abend einen Termin hatte.	579
Aber ähm, sie lebten in einer kleinen ländlichen Stadt außerhalb von Augusta namens Evans, und Evans existiert immer noch, und das ist wo viele meiner Verwandten immer noch leben.	Sie hatten zwanzig Familienmitglieder, die in Evans lebten.	580
Aber ähm, sie lebten in einer kleinen ländlichen Stadt außerhalb von Augusta namens Evans, und Evans existiert immer noch, und das ist wo viele meiner Verwandten immer noch leben.	Sie lebten in Atlanta.	581
Aber ähm, sie lebten in einer kleinen ländlichen Stadt außerhalb von Augusta namens Evans, und Evans existiert immer noch, und das ist wo viele meiner Verwandten immer noch leben.	Sie lebten in Evans, was sehr klein ist.	582
Meine Schwester sagt mir immer wieder, sie sagt: Manchmal bist du genau wie Oma, du behandelst die Leute aus den falschen Gründen falsch.	Meine Schwester sagte, ich sei rassistisch.	583
Meine Schwester sagt mir immer wieder, sie sagt: Manchmal bist du genau wie Oma, du behandelst die Leute aus den falschen Gründen falsch.	Meine Schwester sagte, ich war nicht immer nett.	584
Meine Schwester sagt mir immer wieder, sie sagt: Manchmal bist du genau wie Oma, du behandelst die Leute aus den falschen Gründen falsch.	Meine Schwester meint, ich bin überhaupt nicht wie meine Oma.	585
Ah, und dann sind wir in ein neues Haus eingezogen.	Wir zogen in ein Haus, das wir auf dem Land gebaut hatten.	586
Ah, und dann sind wir in ein neues Haus eingezogen.	Wir sind in einen neunen Wohnort umgezogen.	587
Ah, und dann sind wir in ein neues Haus eingezogen.	Wir sind unser ganzes Leben im selben Haus geblieben.	588
Und ich habe gesagt, okay, also das ist gut, naja, sowas in der Art.	Ich sagte, dass ich es hasste und es sehr missbilligte.	592
Und ich habe gesagt, okay, also das ist gut, naja, sowas in der Art.	Ich sagte, ich mag die neue Version des Liedes.	593
Und ich habe gesagt, okay, also das ist gut, naja, sowas in der Art.	Ich sagte, dass ich es genehmigte.	594
Und die Farbtupfer ändern alle 100 Grad ihre Farbe, wenn es rot ist, wird es zu blau.	Der Anstrich ändert sich je nach Farbe.	595
Und die Farbtupfer ändern alle 100 Grad ihre Farbe, wenn es rot ist, wird es zu blau.	Die Farbe ändert sich, so dass Sie sehen können, wie heiß es ist, ohne zu messen.	596
Und die Farbtupfer ändern alle 100 Grad ihre Farbe, wenn es rot ist, wird es zu blau.	Die Farbe ist immer schwarz.	597
Ich habe ganz schnell gegessen, so schnell wie ich konnte und dann kam sie herein und hat mir dabei geholfen.	Ich habe die Pizza in weniger als zwei Minuten gegessen.	598
Ich habe ganz schnell gegessen, so schnell wie ich konnte und dann kam sie herein und hat mir dabei geholfen.	Ich aß sehr langsam, damit mir nicht schlecht wurde.	599
Ich habe ganz schnell gegessen, so schnell wie ich konnte und dann kam sie herein und hat mir dabei geholfen.	Ich scharrte das Essen ab.	600
Der Mann ihrer Schwester hatte ebenfalls helle Haut.	Ihr Schwager war leicht farbig.	604
Der Mann ihrer Schwester hatte ebenfalls helle Haut.	sein Schwager war Schwede.	605
Der Mann ihrer Schwester hatte ebenfalls helle Haut.	Seine Schwester war nicht verheiratet.	606
Wie auch immer, sie haben diesen Sauerstoffregulator erfunden.	Sie haben einen neuen Regler erfunden.	610
Wie auch immer, sie haben diesen Sauerstoffregulator erfunden.	Sie haben einen Regler erfunden, der im Weltall funktioniert.	611
Wie auch immer, sie haben diesen Sauerstoffregulator erfunden.	Sie haben immernoch nicht herausgefunden, wie man einen Sauerstoffregulator herstellt.	612
Also, wir zogen wir nach Las Vegas, NV, und ich berichtete, genau wie ich in Washington gemacht hatte, an eine bestimmte Adresse in der Innenstadt von Las Vegas.	Ich war in meinem Leben noch nicht in Las Vegas.	613
Also, wir zogen wir nach Las Vegas, NV, und ich berichtete, genau wie ich in Washington gemacht hatte, an eine bestimmte Adresse in der Innenstadt von Las Vegas.	Ich habe sowohl in Las Vegas als auch in Washington gearbeitet.	614
Also, wir zogen wir nach Las Vegas, NV, und ich berichtete, genau wie ich in Washington gemacht hatte, an eine bestimmte Adresse in der Innenstadt von Las Vegas.	Ich habe in beiden dieser Städte als Taxifahrer gearbeitet.	615
Ah, die vierte Klasse hat echt Spaß gemacht.	Ich hasste jedes Stück der Schule!	616
Ah, die vierte Klasse hat echt Spaß gemacht.	Ich mochte die vierte Klasse, weil wir zwei Pausen hatten.	617
Ah, die vierte Klasse hat echt Spaß gemacht.	Ich mochte die vierte Klasse.	618
Es ist wie eine Datei mit einer ganzen Reihe von Tabs, von verschiedenen, wissen Sie, jeder Tab hat eine andere Tabelle.	Die Seite ist einfach nur eine Liste von Zahlen.	619
Es ist wie eine Datei mit einer ganzen Reihe von Tabs, von verschiedenen, wissen Sie, jeder Tab hat eine andere Tabelle.	Die Karteien haben eine Menge Daten.	620
Es ist wie eine Datei mit einer ganzen Reihe von Tabs, von verschiedenen, wissen Sie, jeder Tab hat eine andere Tabelle.	Die Registerkarten zeigen das aktuelle Guthaben jedes Kontos an.	621
Es ist mir egal, wie du es hinbekommst.	Es ist mir egal, ob du es selbst machst oder jemanden damit beauftragst.	625
Es ist mir egal, wie du es hinbekommst.	Es ist mir egal, was deine Methode ist.	626
Es ist mir egal, wie du es hinbekommst.	Ich muss wissen, wie du das genau machen wirst.	627
Und sie zogen nach Mallard Creek in Charlotte.	Sie bauten ein Haus auf Mallard Creek.	631
Und sie zogen nach Mallard Creek in Charlotte.	Sie sind nie nach Charlotte gezogen.	632
Und sie zogen nach Mallard Creek in Charlotte.	Sie lebten dann in Mallard Creek.	633
Wo er war, war er der Sohn eines Ministers, also hatte er, sie hatten Eigentum, und Sachen, und sie waren sehr gut in der Gemeinschaft verbunden und sehr geschätzt.	Sein Vater war ein lutherischer Pastor	637
Wo er war, war er der Sohn eines Ministers, also hatte er, sie hatten Eigentum, und Sachen, und sie waren sehr gut in der Gemeinschaft verbunden und sehr geschätzt.	Sein Vater war ein Häftling, der nie zur Kirche ging.	638
Wo er war, war er der Sohn eines Ministers, also hatte er, sie hatten Eigentum, und Sachen, und sie waren sehr gut in der Gemeinschaft verbunden und sehr geschätzt.	Sein Vater war ein Pastor.	639
Und ich ähm, ich wusste nicht, wie viel Detail er wollte.	Ich wusste nicht, ob er Informationen über die Reisezeiten wollte.	643
Und ich ähm, ich wusste nicht, wie viel Detail er wollte.	Ich gab ihm jedes Detail, weil ich wusste, dass er es wollte.	644
Und ich ähm, ich wusste nicht, wie viel Detail er wollte.	Ich war mir nicht sicher wie teifgründig es sein sollte.	645
Und ja, das ist unterschiedlich, wie unter jedem Kunden, das ist ihre Akte.	Sie haben keine der Dateien.	652
Und ja, das ist unterschiedlich, wie unter jedem Kunden, das ist ihre Akte.	Sie bewahren alle Akten auf.	653
Und ja, das ist unterschiedlich, wie unter jedem Kunden, das ist ihre Akte.	Sie halten die medizinischen und legalen Dateien alle zusammen.	654
Es ist vereinfacht. Das, was sie mir gegeben hatte, war sehr detailliert und kompliziert, und das zweite ist total einfach.	Sie gab mir zwei verschiedene Varianten.	655
Es ist vereinfacht. Das, was sie mir gegeben hatte, war sehr detailliert und kompliziert, und das zweite ist total einfach.	Sie gab mir zwei Arten von Anweisungen und ich bevorzugte die detailierten.	656
Es ist vereinfacht. Das, was sie mir gegeben hatte, war sehr detailliert und kompliziert, und das zweite ist total einfach.	Sie gab mir nur eine Version und es waren nur ein paar Zeilen.	657
Weil sie nicht in Augusta wohnten, sondern in, nun du weißt schon, Augusta war zu dem Zeitpunkt noch eine Stadt, auch wenn für Menschen aus der Großstadt Augusta nicht so groß erscheint.	Augusta hat 10.000 Einwohner.	658
Weil sie nicht in Augusta wohnten, sondern in, nun du weißt schon, Augusta war zu dem Zeitpunkt noch eine Stadt, auch wenn für Menschen aus der Großstadt Augusta nicht so groß erscheint.	Augusta ist keine große Stadt.	659
Weil sie nicht in Augusta wohnten, sondern in, nun du weißt schon, Augusta war zu dem Zeitpunkt noch eine Stadt, auch wenn für Menschen aus der Großstadt Augusta nicht so groß erscheint.	Sie lebten im Herzen von Augusta.	660
Ende 1962, äh, erhielt ich den Befehl, nach Washington, D.C. zu gehen	Man sagte mir, ich solle nach Washington DC gehen.	661
Ende 1962, äh, erhielt ich den Befehl, nach Washington, D.C. zu gehen	Die Armee hat mich sofort nach DC geschickt.	662
Ende 1962, äh, erhielt ich den Befehl, nach Washington, D.C. zu gehen	Sie sagten mir, ich solle nach Afrika gehen.	663
Als DOT sein Grundstück zurücknahm, zogen wir in ein kleineres Gebiet in Concord, wo man keine Tiere haben darf, weil es in Zonen aufgeteilt ist und damit endet die Tiergeschichte.	Unser Haus in Concord konnte keine Tiere genehmigen.	664
Als DOT sein Grundstück zurücknahm, zogen wir in ein kleineres Gebiet in Concord, wo man keine Tiere haben darf, weil es in Zonen aufgeteilt ist und damit endet die Tiergeschichte.	Unser Haus in Concord hatte 30000 Hektar und viele Tiere.	665
Als DOT sein Grundstück zurücknahm, zogen wir in ein kleineres Gebiet in Concord, wo man keine Tiere haben darf, weil es in Zonen aufgeteilt ist und damit endet die Tiergeschichte.	Wir haben alle unsere Tiere verkauft, als wir nach Concord gezogen sind.	666
Wie auch immer, wir sind im Einsatz und ich kann jetzt sagen, dass das, das, äh, wir nach Kadina, Okinawa verlegt wurden, und das war 1968.	Wir haben unsere Streitkräfte 1968 eingesetzt.	667
Wie auch immer, wir sind im Einsatz und ich kann jetzt sagen, dass das, das, äh, wir nach Kadina, Okinawa verlegt wurden, und das war 1968.	Wir haben nie jemanden eingestellt.	668
Wie auch immer, wir sind im Einsatz und ich kann jetzt sagen, dass das, das, äh, wir nach Kadina, Okinawa verlegt wurden, und das war 1968.	Im Juni 1968 schickten wir unsere Truppen nach Japan.	669
Er sagte mir was genau er brauchte und dass er es heute brauchte.	Er sagte, ich könnte es jederzeit abgeben.	670
Er sagte mir was genau er brauchte und dass er es heute brauchte.	Er sagte mir, dass ich das ganze Projekt bis 14.00 Uhr abschließen muss.	671
Er sagte mir was genau er brauchte und dass er es heute brauchte.	Er sagte mir, es sei dringend.	672
Sie war bereits gegangen und sagte mir, ich solle mir keine Sorgen darüber machen.	Sie sagte, ich sollte einfach davon ausgehen, dass es der Schule gut gehen würde.	673
Sie war bereits gegangen und sagte mir, ich solle mir keine Sorgen darüber machen.	Sie sagte ich solle mir keine Sorgen machen.	674
Sie war bereits gegangen und sagte mir, ich solle mir keine Sorgen darüber machen.	Sie sagte es sei Zeit in Panik zu verfallen.	675
Es ist einfach, weißt Du, schau, Du hast ein Problem.	Du bist in Gefahr.	676
Es ist einfach, weißt Du, schau, Du hast ein Problem.	Du wirst schon zurecht kommen!	677
Es ist einfach, weißt Du, schau, Du hast ein Problem.	Du läufst Gefahr, abgeschoben zu werden.	678
Da meine Mutter in jungen Jahren nicht einer seiner Lieblinge war, wurde sie zur Feldarbeit degradiert, während einige der anderen Kinder nicht auf den Feldern arbeiten mussten.	Meine Mutter musste Baumwolle und Mais ernten.	679
Da meine Mutter in jungen Jahren nicht einer seiner Lieblinge war, wurde sie zur Feldarbeit degradiert, während einige der anderen Kinder nicht auf den Feldern arbeiten mussten.	Meine Mutter war das Goldkind und musste daher nie arbeiten.	680
Da meine Mutter in jungen Jahren nicht einer seiner Lieblinge war, wurde sie zur Feldarbeit degradiert, während einige der anderen Kinder nicht auf den Feldern arbeiten mussten.	Meine Mutter musste draußen arbeiten.	681
Und wie Sie wissen, früher oder später, wissen Sie, Sie wissen, sie haben Leute weiter gefragt und niemand wusste, wer sie waren, und letztendlich, wissen Sie, sie haben sich gerade darüber verständigt, dass sie Joe nie wieder sehen würden.	Joe war die einzige Person welche einen Schlüssel zum Pausenraum hatte.	682
Und wie Sie wissen, früher oder später, wissen Sie, Sie wissen, sie haben Leute weiter gefragt und niemand wusste, wer sie waren, und letztendlich, wissen Sie, sie haben sich gerade darüber verständigt, dass sie Joe nie wieder sehen würden.	Egal wie sehr wir es versuchten, wir konnten Joe nicht dazu kriegen uns in Ruhe zu lassen.	683
Und wie Sie wissen, früher oder später, wissen Sie, Sie wissen, sie haben Leute weiter gefragt und niemand wusste, wer sie waren, und letztendlich, wissen Sie, sie haben sich gerade darüber verständigt, dass sie Joe nie wieder sehen würden.	Eines Tages war Joe einfach verschwunden und niemand konnte herausfinden, wohin er ging.	684
Ich habe ihnen von meiner Schwester erzählt.	Ich habe es meiner Schwester angelastet.	685
Ich habe ihnen von meiner Schwester erzählt.	Ich sagte, dass es meines war.	686
Ich habe ihnen von meiner Schwester erzählt.	Ich habe ihnen gesagt, dass der Hund meiner Schwester gehört.	687
Und sie sagte dann, ihre Mutter, ihre Mutter lehnte sich nach vorne und sie blickte auf und sagte Sie läuft wie er.	Sie sagte, ihr Mutter läuft immer auf Zehenspitzen.	688
Und sie sagte dann, ihre Mutter, ihre Mutter lehnte sich nach vorne und sie blickte auf und sagte Sie läuft wie er.	Sie sagt, dass ihre Mutter die gleiche Runde geht.	689
Und sie sagte dann, ihre Mutter, ihre Mutter lehnte sich nach vorne und sie blickte auf und sagte Sie läuft wie er.	Sie sagte, ihre Mutter sei gelähmt und könne nicht laufen.	690
weißt du, und sie stopft die Blütenblätter dort oben rein und ich kannte wirklich keine Konsequenzen.	Ich wusste nicht, dass sie sehr krank werden würde.	694
weißt du, und sie stopft die Blütenblätter dort oben rein und ich kannte wirklich keine Konsequenzen.	Ich wusste nicht, was mit ihr geschehen würde.	695
weißt du, und sie stopft die Blütenblätter dort oben rein und ich kannte wirklich keine Konsequenzen.	Ich wusste, was passieren würde, als sie das tat.	696
Ah, eine andere Sache die dort passiert ist, die ich für interessant hielt, war eine der ersten Erinnerungen meiner Schwester, und das war in genau diesem Hinterhof.	Ich habe keine Erinnerungen an dieses Haus.	700
Ah, eine andere Sache die dort passiert ist, die ich für interessant hielt, war eine der ersten Erinnerungen meiner Schwester, und das war in genau diesem Hinterhof.	Ich erinnerte mich daran, Gänseblümchen im Garten gepflückt zu haben.	701
Ah, eine andere Sache die dort passiert ist, die ich für interessant hielt, war eine der ersten Erinnerungen meiner Schwester, und das war in genau diesem Hinterhof.	Ich erinnerte mich an etwas, das im Hinterhof passiert war.	702
Also all das Stressige und ich meine, ich hatte jeden Grund gestresst heute zu sein, es war wie, du bekommst etwas was du nicht kannst, und es ist wie hier mach es.	Ich wusste nicht, wie ich den Job machen sollte, der mir heute zugewiesen wurde.	706
Also all das Stressige und ich meine, ich hatte jeden Grund gestresst heute zu sein, es war wie, du bekommst etwas was du nicht kannst, und es ist wie hier mach es.	Ich wurde darum gebeten den Sicherungskasten im Büro auszuwechseln, aber ich kenne mich mit elektrischen Leitungen überhaupt nicht aus.	707
Also all das Stressige und ich meine, ich hatte jeden Grund gestresst heute zu sein, es war wie, du bekommst etwas was du nicht kannst, und es ist wie hier mach es.	Ich wurde heute angewiesen, nur Pflichten auszuführen, für deren Durchführung ich gut ausgebildet bin.	708
Also jetzt, hier ist es, er will es heute.	Er sagt, er kann es immer holen.	709
Also jetzt, hier ist es, er will es heute.	Er sagt, er würde es gerne heute bekommen.	710
Also jetzt, hier ist es, er will es heute.	Er sagt, dass er das letzte Projekt gerne um 17 Uhr bekommen würde.	711
Und leider sind wir wieder umgezogen.	Wir sind ein weiteres Mal umgezogen.	712
Und leider sind wir wieder umgezogen.	1992 ziehen wir nach eine anderer Staat um.	713
Und leider sind wir wieder umgezogen.	Wir sind danach nie wieder umgezogen.	714
Ich kannte Frau Falk nicht wirklich. Sie war um die 80 Jahre alt und ah, sie war eine nette Person. Ich habe sie einige Male getroffen, aber das hat mich wirklich nervös gemacht.	Ich habe Frau Faulk wenige male gesehen, aber ich kannte sie nicht gut.	724
Ich kannte Frau Falk nicht wirklich. Sie war um die 80 Jahre alt und ah, sie war eine nette Person. Ich habe sie einige Male getroffen, aber das hat mich wirklich nervös gemacht.	Ich war enge Freunde mit Frau Faulk.	725
Ich kannte Frau Falk nicht wirklich. Sie war um die 80 Jahre alt und ah, sie war eine nette Person. Ich habe sie einige Male getroffen, aber das hat mich wirklich nervös gemacht.	Mrs. Faulk fuhr jeden Tag mit einem gelben Honda zur Arbeit.	726
Wir lebten davon, ähm, 85 in Mallard Creek, wo derzeit die 485 sind, besteht jetzt der Anlass mehr als damals vor zehn Jahren, wo wir wegen der 485 umziehen mussten.	Wir wohnte in einem grünen Haus.	730
Wir lebten davon, ähm, 85 in Mallard Creek, wo derzeit die 485 sind, besteht jetzt der Anlass mehr als damals vor zehn Jahren, wo wir wegen der 485 umziehen mussten.	Wir lebten dort viele Jahre lang.	731
Wir lebten davon, ähm, 85 in Mallard Creek, wo derzeit die 485 sind, besteht jetzt der Anlass mehr als damals vor zehn Jahren, wo wir wegen der 485 umziehen mussten.	Wir haben dort nur zwei Wochen gelebt.	732
Boss, er war wie mit gespaltener Persönlichkeit, Mann.	Er war launisch.	736
Boss, er war wie mit gespaltener Persönlichkeit, Mann.	Mein Chef war entweder sehr glücklich oder sehr wütend.	737
Boss, er war wie mit gespaltener Persönlichkeit, Mann.	Mein Chef war abgeklärt und beständig.	738
Er ist alt genug, um mein Vater zu sein.	Er ist 27 Jahre älter als ich.	742
Er ist alt genug, um mein Vater zu sein.	Er ist viel jünger als ich.	743
Er ist alt genug, um mein Vater zu sein.	Er ist älter als ich.	744
Alles ist vernetzt, und um Himmels Willen, ich weiß nicht wie lange.	Ich weiß nicht, wie lange es anhält.	745
Alles ist vernetzt, und um Himmels Willen, ich weiß nicht wie lange.	Ich weiss nicht wie lange die Geschichte ist gegangen.	746
Alles ist vernetzt, und um Himmels Willen, ich weiß nicht wie lange.	Ich weiss es ist 4 Fuß lang.	747
Diesmal war ich nicht einmal glücklich, dass sie da war, weil ich so gestresst war.	Ich war so glücklich und entspannt!	748
Diesmal war ich nicht einmal glücklich, dass sie da war, weil ich so gestresst war.	Ich hatte zu viel Angst um glücklich zu sein, dass sie einen Tag früher angekommen hat.	749
Diesmal war ich nicht einmal glücklich, dass sie da war, weil ich so gestresst war.	Ich war zu ängstlich, um glücklich zu sein, dass sie da war.	750
Und vieles davon liegt daran, dass die Mütter Medikamente nehmen.	Die Mütter sind Drogenabhängige.	751
Und vieles davon liegt daran, dass die Mütter Medikamente nehmen.	Die Mütter haben keine Arzneiverordnungen oder Medikamente.	752
Und vieles davon liegt daran, dass die Mütter Medikamente nehmen.	Die Mütter nehmen Drogen.	753
Es ist sehr schön das es geregnet hat.	Der Regen macht mir nichts aus	754
Es ist sehr schön das es geregnet hat.	Es ist schön und regnerisch.	755
Es ist sehr schön das es geregnet hat.	Der unendliche Sonnenschein ist so schrecklich.	756
Oh, was menschliches Leben wert ist und ob du jemanden rehabilitieren kannst oder nicht	Jedes Leben ist es wert eine Reha zu machen und eine zweite Chance zu bekommen.	757
Oh, was menschliches Leben wert ist und ob du jemanden rehabilitieren kannst oder nicht	Keine Mensch verdient es, rehabilitiert zu werden.	758
Oh, was menschliches Leben wert ist und ob du jemanden rehabilitieren kannst oder nicht	Unabhängig von der Rehabilitation ist das Leben es wert.	759
Oh Junge, du hast dort ein merkwürdiges Verkabelungsproblem	Ich hatte nie ein Verkabelungproblem wie dieses.	760
Oh Junge, du hast dort ein merkwürdiges Verkabelungsproblem	Die Verkabelung ist nicht das Problem.	761
Oh Junge, du hast dort ein merkwürdiges Verkabelungsproblem	Die eigenartige Schaltung verursacht ein Problem.	762
hört sich nach jeder Menge Spaß an, ja es ist unglaublich wie viele Sachen die erlauben	Ich bin überhaupt nicht überrascht, dass sie nachsichtig waren.	763
hört sich nach jeder Menge Spaß an, ja es ist unglaublich wie viele Sachen die erlauben	Es wundert mich, dass sie dir erlauben hat, Essen und Trinken dadrin zu nehmen.	764
hört sich nach jeder Menge Spaß an, ja es ist unglaublich wie viele Sachen die erlauben	Ich bin überrascht, womit sie davonkommen könnten.	765
Ja genau, ich meine damit, dass du durch die Zeit kommst, wenn du dich selbst ausrüstest und dann schwitzen musst wenn du es machst, dass du in einen Club gehen könntest, und in einen Urlaub mit allem was inklusive ist.	Es kostet 2000 $, um alles zu kaufen, was Sie brauchen.	766
Ja genau, ich meine damit, dass du durch die Zeit kommst, wenn du dich selbst ausrüstest und dann schwitzen musst wenn du es machst, dass du in einen Club gehen könntest, und in einen Urlaub mit allem was inklusive ist.	Es kostet sehr viel sich auszurüsten.	767
Ja genau, ich meine damit, dass du durch die Zeit kommst, wenn du dich selbst ausrüstest und dann schwitzen musst wenn du es machst, dass du in einen Club gehen könntest, und in einen Urlaub mit allem was inklusive ist.	Es ist wirklich günstig ausgestattet zu werden.	768
oh sowieso trotzdem ähm, meine Kinder sind jetzt einundzwanzig und vierundzwanzig, also muss ich nicht	Ich brauche das nicht, weil meine Kinder über zwanzig sind.	778
oh sowieso trotzdem ähm, meine Kinder sind jetzt einundzwanzig und vierundzwanzig, also muss ich nicht	Ich muss wahrscheinlich, da sie ihr Alter so nah aneinander ist.	779
oh sowieso trotzdem ähm, meine Kinder sind jetzt einundzwanzig und vierundzwanzig, also muss ich nicht	Ich muss, da sie beide zehn und elf Jahre alt sind.	780
Ja ähm das ist Fresno.	Ich wurde in Fresno geboren.	781
Ja ähm das ist Fresno.	Ich bin mir nicht sicher, wo das ist.	782
Ja ähm das ist Fresno.	Ich sage dir, dass das Fresno ist.	783
Ja Leute, die, die jederzeit arbeiten könnten oder deren Entscheidungen getrübt werden könnten, wenn sie eine Entscheidung treffen müssten	Naja, Leute die nicht das beste sind um Ermessensentscheidungen zu machen.	784
Ja Leute, die, die jederzeit arbeiten könnten oder deren Entscheidungen getrübt werden könnten, wenn sie eine Entscheidung treffen müssten	Ja, Leute, die vielleicht keinen Hunger haben.	785
Ja Leute, die, die jederzeit arbeiten könnten oder deren Entscheidungen getrübt werden könnten, wenn sie eine Entscheidung treffen müssten	Ja, Leute deren Entscheidungsfähigkeiten niemals beeinträchtigt sind.	786
Nein, sie sind, sie sind immer noch auf Tour; sie sind seit Ende der sechziger Jahre auf Tour.	Sie gehen schon seit den späten 1980ern auf Tournee.	787
Nein, sie sind, sie sind immer noch auf Tour; sie sind seit Ende der sechziger Jahre auf Tour.	Sie lieben es zu reisen.	788
Nein, sie sind, sie sind immer noch auf Tour; sie sind seit Ende der sechziger Jahre auf Tour.	Sie haben kürzlich ihre Tour beendet.	789
Wie würdest du Aerobic machen?	Kannst du erklären, wie du Aerobic machen würdest?	790
Wie würdest du Aerobic machen?	Ich interessiere mich für Aerobic weil ich kardiovaskulare Aktivitäten brauche.	791
Wie würdest du Aerobic machen?	Bitte hör auf, über Aerobic zu reden.	792
Nun, das ist ein guter, an den ich nicht gedacht hatte	Das ist eine dumme Idee, die ich letzte Woche verworfen habe.	796
Nun, das ist ein guter, an den ich nicht gedacht hatte	Das ist ein guter Einwand.	797
Nun, das ist ein guter, an den ich nicht gedacht hatte	Das von Ihnen erwähnte Paradoxon ist ein guter Punkt.	798
Tagesbetreuung zwei Tage die Woche  sie nenne es Senioren Tagesbetreuung, aber sie geht in das Seniorenzentrum	Die Tagesbetreuung ist nur für Kinder unter fünf Jahren täglich geöffnet.	802
Tagesbetreuung zwei Tage die Woche  sie nenne es Senioren Tagesbetreuung, aber sie geht in das Seniorenzentrum	Wenn die Senioren dazu bereit sind, lassen sie sie mehr als zwei mal die Woche gehen.	803
Tagesbetreuung zwei Tage die Woche  sie nenne es Senioren Tagesbetreuung, aber sie geht in das Seniorenzentrum	Sie nennen es eine Senioren Tagespflege, aber es heißt Senioren Zentrum.	804
Das war ihr Ziel, oh.	Das ist was angesterben haben.	808
Das war ihr Ziel, oh.	Das war nie das, was sie wollten.	809
Das war ihr Ziel, oh.	Sie erreichten ihr Ziel.	810
Waffenkontrolle bedeutet zwei Hände zu benutzen.	Die Hälfte aller Waffenfehlzündungen resultiert aus der Verwendung mit einer Hand.	811
Waffenkontrolle bedeutet zwei Hände zu benutzen.	Der beste weiter Vorgehen für Waffenkontrolle, ist mit beider Füße zu nutzen.	812
Waffenkontrolle bedeutet zwei Hände zu benutzen.	Benutze beide Hände, wenn du Waffenkontrolle üben willst.	813
und ah, es erschien plötzlich, ich weiß nicht von wo es kommt, aber	Ich weiß nicht wo es herkommt, aber es ist schnell.	814
und ah, es erschien plötzlich, ich weiß nicht von wo es kommt, aber	Es kommt schnell vorbei, aber ich weiß, wo es herkommen könnte.	815
und ah, es erschien plötzlich, ich weiß nicht von wo es kommt, aber	Es kommt wie Melasse und ich weiß genau, wann es kommen wird.	816
Nein, eigentlich bin ich nicht einmal damit vertraut, denke ich	Ich weiß nicht viel darüber.	820
Nein, eigentlich bin ich nicht einmal damit vertraut, denke ich	Ich bin ignorant in Sachen Liebe.	821
Nein, eigentlich bin ich nicht einmal damit vertraut, denke ich	Ich studiere es seit Jahren.	822
Ja sie war großartig du weißt schon sie.	Ich denke sie wusste, dass sie fantastisch war.	823
Ja sie war großartig du weißt schon sie.	Nein sie war furchtbar.	824
Ja sie war großartig du weißt schon sie.	Sie war sehr gut.	825
Er hat gerade einen Waschlappen, wir du ihn nutzt, vorgeschlagen	Er schlug vor ein neuer Sauger zu kaufen.	829
Er hat gerade einen Waschlappen, wir du ihn nutzt, vorgeschlagen	Er schlug vor, einen Mopp zu finden.	830
Er hat gerade einen Waschlappen, wir du ihn nutzt, vorgeschlagen	Er wollte das Blut mit einem Wischmopp säubern.	831
Es ist wirklich schlimm hier draußen, wir hatten eben erst eine Schießerei auf dem Freeway, circa drei Blocks von unserem Haus entfernt	Die Dreharbeiten waren mindestens 100 Meilen von meinem Wohnort entfernt.	832
Es ist wirklich schlimm hier draußen, wir hatten eben erst eine Schießerei auf dem Freeway, circa drei Blocks von unserem Haus entfernt	Das Schießen war in der Nähe meines Hauses und es macht mir Angst, nach draußen zu gehen.	833
Es ist wirklich schlimm hier draußen, wir hatten eben erst eine Schießerei auf dem Freeway, circa drei Blocks von unserem Haus entfernt	Es gab ein Schießerei in der Nähe meines Hauses, es ist wirklich nicht gut in dieser Gegend.	834
mhm das stimmt es ist es ist nicht wirklich äh konsistent	Ich stimme dir nicht zu, es ist sehr beständig.	838
mhm das stimmt es ist es ist nicht wirklich äh konsistent	Ich glaube du hast Recht über diese Konsistenz.	839
mhm das stimmt es ist es ist nicht wirklich äh konsistent	Wir haben Recht damit, dass es nicht einheitlich ist.	840
ich versuche durchzuhalten	Ich versuche kurz zu warten.	844
ich versuche durchzuhalten	Ich gebe wirklich mein Bestes.	845
ich versuche durchzuhalten	Ich werde loslassen und niemals zurückblicken.	846
ja oh was für eine Art Welpe hast du	Ist dein Welpe ein guter Junge?	847
ja oh was für eine Art Welpe hast du	Auf welcher Katze hast du gerettet?	848
ja oh was für eine Art Welpe hast du	Was für einen jungen Hund hast du?	849
Naja du hast gesagt du hast Kinder. Wie alt sind sie ?	Wieviele Kinder haben Sie?	850
Naja du hast gesagt du hast Kinder. Wie alt sind sie ?	Es tut mir leid zu hören, dass Sie keine Kinder haben konnten.	851
Naja du hast gesagt du hast Kinder. Wie alt sind sie ?	Sie haben angegeben, Sie hätten Kinder. Wie alt sind sie?	852
Sie waren wahrscheinlich nicht die Brillantesten Menschen auf der Welt, aber sie, äh, waren sympathisch und waren, äh, an Menschen interessiert die studieren wollten.	Sie waren vielleicht nicht die Klügsten, aber sie waren sehr freundlich und interessierten sich für diejenigen, die studieren.	853
Sie waren wahrscheinlich nicht die Brillantesten Menschen auf der Welt, aber sie, äh, waren sympathisch und waren, äh, an Menschen interessiert die studieren wollten.	Sie waren sehr schlau, aber stellten sich in der Gegenwart anderer, die sie nicht kannten, dumm.	854
Sie waren wahrscheinlich nicht die Brillantesten Menschen auf der Welt, aber sie, äh, waren sympathisch und waren, äh, an Menschen interessiert die studieren wollten.	Sie waren über hinaus großartig, aber detestierte jemand der studierte mit Mühe.	855
Einmal sind wir [...] da sind wir von einer Veranstaltung zurückgekommen und haben die Lichter auf dem Campingplatz angemacht und da war ein Stinktier.	Das Stinktier hat darauf gewartet, dass wir zum Campingplatz zurückkehren.	856
Einmal sind wir [...] da sind wir von einer Veranstaltung zurückgekommen und haben die Lichter auf dem Campingplatz angemacht und da war ein Stinktier.	Wir fanden eine Ziege auf dem Campingplatz, nachdem wir bereits die Lichter gelöscht hatten.	857
Einmal sind wir [...] da sind wir von einer Veranstaltung zurückgekommen und haben die Lichter auf dem Campingplatz angemacht und da war ein Stinktier.	Als wir von einer Feier zurückkamen haben wir ein Stinktier gefunden.	858
Weißt du, meine Kinder sind Überflieger, sie sind echt gut und ich glaube, nein, er lernt auch von den älteren Jungen, aber	Er erlernte aus die altere männliche Kinder, aber all meiner Nachwuchs überstrahlen.	859
Weißt du, meine Kinder sind Überflieger, sie sind echt gut und ich glaube, nein, er lernt auch von den älteren Jungen, aber	Ich bin sehr stolz darauf, wie viel meine Kinder wissen.	860
Weißt du, meine Kinder sind Überflieger, sie sind echt gut und ich glaube, nein, er lernt auch von den älteren Jungen, aber	Meine Kinder sind wirklich idiotisch.	861
und es würde auch dazu führen, dass Leute ihren Müll mehr zusammenpressen ähm und ähm das Beschränken des Volumens kommt dem eigentlichen Problem etwas näher als das Messen des Gewichts	Leute die zwingen den Betrag des Mülls, sind näher zum Problem als das Gewicht des eigentliches Mülls	862
und es würde auch dazu führen, dass Leute ihren Müll mehr zusammenpressen ähm und ähm das Beschränken des Volumens kommt dem eigentlichen Problem etwas näher als das Messen des Gewichts	Menschen brauchen sich keine Gedanken über die Menge an Müll zu machen, solange sie ihn ordentlich sortieren.	863
und es würde auch dazu führen, dass Leute ihren Müll mehr zusammenpressen ähm und ähm das Beschränken des Volumens kommt dem eigentlichen Problem etwas näher als das Messen des Gewichts	Menschen müssen beides, das Volumen und das Gewicht des Mülls den sie erzeugen, beachten.	864
Also, wenn es einen Fehler gibt, ist es dein Fehler, denke ich	Machen Sie sich keine Sorgen. Wenn ein Fehler auftaucht, übernehme ich mit Ihnen die Verantwortung.	868
Also, wenn es einen Fehler gibt, ist es dein Fehler, denke ich	Wenn da ein Fehler ist, gehört die zu dir.	869
Also, wenn es einen Fehler gibt, ist es dein Fehler, denke ich	Wenn Sie einen Fehler gemacht haben, sollten Sie die Verantwortung dafür übernehmen.	870
Sie wissen im Besonderen, dass Sie die Nähte und Dinge so machen, dass Sie wissen, dass es so eine professionelle Verarbeitung hat	Die Nähte sind sehr geschickt ausgeführt.	871
Sie wissen im Besonderen, dass Sie die Nähte und Dinge so machen, dass Sie wissen, dass es so eine professionelle Verarbeitung hat	Die Nähte wurden in Eilung gemacht und sehen sehr schlampig aus.	872
Sie wissen im Besonderen, dass Sie die Nähte und Dinge so machen, dass Sie wissen, dass es so eine professionelle Verarbeitung hat	Sie brauchten viel Zeit, um die Nähte fertigzustellen.	873
yeah yeah yeah, du bekommst zwei Wochen, wenn du anfängst und dann jedes Jahr geben sie dir einen zusätzlichen Tag, bis du vier Wochen hast	Deine Zeit nimmt jedes Jahr zu.	874
yeah yeah yeah, du bekommst zwei Wochen, wenn du anfängst und dann jedes Jahr geben sie dir einen zusätzlichen Tag, bis du vier Wochen hast	Deine Zeit geht nie über drei Tage hinaus.	875
yeah yeah yeah, du bekommst zwei Wochen, wenn du anfängst und dann jedes Jahr geben sie dir einen zusätzlichen Tag, bis du vier Wochen hast	Ihre Urlaubszeit erhöht sich bei den städtischen Jobs.	876
Nun, das ist das schöne am Landleben, man muss sich über all das keine Sorgen machen.	Auf dem Land zu sein lässt dich in ständiger Angst vor diesen Dingen leben.	877
Nun, das ist das schöne am Landleben, man muss sich über all das keine Sorgen machen.	Was super ist am Leben auf dem Land, ist dass man sich nicht über solche Dinge ärgern muss.	878
Nun, das ist das schöne am Landleben, man muss sich über all das keine Sorgen machen.	Was wirklich prima ist, ist, dass du auf dem Land dich nicht darüber sorgen musst, so wie du es in der Stadt tun würdest.	879
Oh Mensch wirklich, das klingt abenteuerlich	Das scheint entweder viel Spaß zu machen oder richtig langweilig zu sein.	880
Oh Mensch wirklich, das klingt abenteuerlich	Das klingt nach einem großen Abenteuer.	881
Oh Mensch wirklich, das klingt abenteuerlich	Das klingt nach einem schrecklichen Erlebnis.	882
und jetzt habe ich eine Schwester in Deutschland	Momentan habe ich einen Geschwisterteil in Deutschland.	886
und jetzt habe ich eine Schwester in Deutschland	Ich habe eine Schwester, die gerade in Kuba ist.	887
und jetzt habe ich eine Schwester in Deutschland	Ich habe eine Schwester, die Deutsch spricht.	888
Ich habe jetzt eine jüngere Tochter und uh i es ist irgendwie schwer sie dazu zu bringen, sie dort hin zu bekommen und alles außer ich werde zu uh	Ich könnte meine Tochter dorthin bringen.	889
Ich habe jetzt eine jüngere Tochter und uh i es ist irgendwie schwer sie dazu zu bringen, sie dort hin zu bekommen und alles außer ich werde zu uh	Es ist ein bisschen schwieriger für mich, meine Tochter dorthin zu bringen.	890
Ich habe jetzt eine jüngere Tochter und uh i es ist irgendwie schwer sie dazu zu bringen, sie dort hin zu bekommen und alles außer ich werde zu uh	Meine Tochter hat ihren eigenen Weg, dorthin zu kommen, jetzt wo sie fahren kann.	891
Ja hab einen tollen Sommer.	Ich hoffe, du hast miserable Sommerferien.	892
Ja hab einen tollen Sommer.	Natürlich wird der Sommer bald kommen.	893
Ja hab einen tollen Sommer.	Ja, ich wünsche einen schönen Sommer.	894
Wir sind keine echten Naturforscher oder so etwas, aber ähm	Eigentlich betrachten wir uns nicht als Naturalisten.	901
Wir sind keine echten Naturforscher oder so etwas, aber ähm	Wir sind absolut wahre Naturforscher und sehen es als eine Beleidigung, anders bezeichnet zu werden.	902
Wir sind keine echten Naturforscher oder so etwas, aber ähm	Eines Tages wollen wir bestrebt um Naturalisten zu sein, aber momentan sind wir nicht.	903
Ja, ich erinnere mich noch daran, wie meine Großeltern und ich raus auf die Straße gegangen sind und Bierdosen ausfgesammelt haben und hmm	Eine Menge von uns würde sich zusammenfinden und en Müll auf der Strasse aufräumen.	904
Ja, ich erinnere mich noch daran, wie meine Großeltern und ich raus auf die Straße gegangen sind und Bierdosen ausfgesammelt haben und hmm	Ich half meinen Großeltern dabei, Dosen von der Straße aufzusammeln.	905
Ja, ich erinnere mich noch daran, wie meine Großeltern und ich raus auf die Straße gegangen sind und Bierdosen ausfgesammelt haben und hmm	Wir haben immer im Haus meines Vaters gefeiert.	906
Das ist also nicht Deine erste Erfahrung mit einem Hund	Anscheinend ist es nicht dein erstes Mal mit einem Hund.	907
Das ist also nicht Deine erste Erfahrung mit einem Hund	Es tut mir Leid, Ich wusste nicht dass das dein erstes mal einen Hund zu sehen ist.	908
Das ist also nicht Deine erste Erfahrung mit einem Hund	Es ist nicht das erste Mal, dass Sie mit einem domestizierten Tier umgehen.	909
rechts, rechts, geh nicht durch die ganzen neun Yards und	Du kannst mir einfach das Ende der Geschichte erzählen.	910
rechts, rechts, geh nicht durch die ganzen neun Yards und	Du musst nicht alles machen.	911
rechts, rechts, geh nicht durch die ganzen neun Yards und	Du musst durch dem ganzen Ding gehen.	912
Ähm, nein, ich lebe nur noch vom Campus	Ich wohne am Campus nicht.	913
Ähm, nein, ich lebe nur noch vom Campus	Ich lebe ein paar Blocks vom Campus entfernt.	914
Ähm, nein, ich lebe nur noch vom Campus	Ich wohne am Campus.	915
Männer, ähm, ohne Anklage, ein Typ erstach seine Ex-Frau, weil sie mit einem anderen Typ geschlafen hat, ich meine, Ex-Frau, du weißt um was es geht	Nachdem er eine frühere Strafe abgesessen hatte, hat ein Mann seine Exfrau getötet, weil sie mit einem anderen Mann geschlafen hatte.	919
